Name,Team,G,PA,AB,H,2B,3B,HR,R,RBI,BB,SO,SB,CS,AVG,OBP,SLG,OPS,wOBA,ADP,-1,InterSD,InterSK,IntraSD,playerid
Juan Soto,WSN,153,658,540,164,34,3,38,110,112,112,115,14,4,0.303,0.424,0.59,1.014,0.426,3.5,,3.76,0.32,0.67,20123
Mike Trout,LAA,148,650,522,148,27,3,43,111,109,110,141,8,3,0.284,0.415,0.598,1.014,0.42,5.9,,2.56,-0.73,1.09,10155
Freddie Freeman,ATL,154,675,575,172,38,2,32,106,108,88,118,5,2,0.3,0.398,0.542,0.94,0.396,12.9,,2.12,0,1.2,5361
Ronald Acuna Jr.,ATL,149,658,563,156,29,3,39,117,93,84,176,29,8,0.276,0.378,0.544,0.922,0.39,1.6,,3.99,0.16,0.95,18401
Christian Yelich,MIL,148,649,547,150,29,3,35,103,91,93,159,16,5,0.275,0.386,0.53,0.916,0.387,10.7,,3.3,-1.25,0.41,11477
Bryce Harper,PHI,151,655,534,140,29,2,36,101,100,109,150,17,4,0.263,0.39,0.527,0.917,0.386,18.1,,2.06,0.47,0.74,11579
Mookie Betts,LAD,148,668,578,168,35,4,33,121,92,79,100,23,5,0.29,0.377,0.535,0.913,0.382,4.1,,3.21,-0.04,0.74,13611
Yordan Alvarez,HOU,124,528,460,127,26,1,32,76,91,59,127,1,1,0.277,0.364,0.543,0.907,0.381,77.8,,3.96,-0.23,0.94,19556
Fernando Tatis Jr.,SDP,147,649,574,162,29,6,37,109,100,62,167,27,8,0.281,0.359,0.546,0.905,0.381,2.3,,3.54,-0.84,0.58,19709
Cody Bellinger,LAD,143,614,530,146,30,4,35,95,97,78,114,12,4,0.275,0.37,0.543,0.913,0.381,16.9,,6.31,-0.72,0.45,15998
Anthony Rendon,LAA,143,621,528,153,34,2,27,90,97,77,88,2,1,0.29,0.387,0.514,0.901,0.381,39.4,,2.15,0.33,1.04,12861
Alex Bregman,HOU,145,630,528,143,35,2,26,90,90,88,83,3,2,0.271,0.381,0.494,0.875,0.374,46.1,,3.4,-0.32,0.74,17678
Jose Ramirez,CLE,149,638,555,152,37,3,33,97,99,73,93,25,7,0.274,0.361,0.529,0.89,0.373,10.9,,3.72,-0.09,0.67,13510
George Springer,TOR,141,617,537,146,23,3,34,100,91,68,120,4,3,0.272,0.36,0.514,0.874,0.371,47.9,,2.89,0.29,0.89,12856
Aaron Judge,NYY,132,571,486,125,21,1,35,94,86,77,171,3,2,0.257,0.364,0.522,0.885,0.371,53.2,,2.3,-0.01,1.02,15640
Marcell Ozuna,ATL,145,632,559,158,27,2,33,88,105,67,134,4,2,0.284,0.362,0.517,0.878,0.371,44.5,,1.81,0.53,1.01,10324
Corey Seager,LAD,139,607,546,159,36,2,29,94,97,52,105,3,1,0.29,0.355,0.525,0.88,0.369,33.3,,3.15,-0.29,1.02,13624
Nelson Cruz,MIN,125,530,465,126,21,1,32,72,86,53,137,0,0,0.27,0.354,0.524,0.878,0.367,91.5,,4.45,-0.44,0.93,2434
Jesse Winker,CIN,133,520,445,120,23,1,23,69,65,64,104,2,1,0.269,0.37,0.481,0.851,0.366,211.3,,3.51,-1,0.48,13590
Trevor Story,COL,150,656,589,164,36,6,32,99,87,59,168,28,7,0.278,0.348,0.52,0.868,0.365,12.2,,3.1,-1.85,0.82,12564
Vladimir Guerrero Jr.,TOR,147,619,556,161,32,3,26,85,93,54,96,2,1,0.29,0.357,0.5,0.857,0.365,50.4,,4.04,-0.12,1.01,19611
Eloy Jimenez,CHW,144,604,559,160,31,2,35,80,102,38,142,1,0,0.286,0.334,0.534,0.868,0.365,31.3,,3.88,-0.03,1.22,17484
Xander Bogaerts,BOS,148,630,560,161,35,2,28,94,91,61,113,12,2,0.288,0.359,0.506,0.865,0.364,34.1,,2.93,0.08,0.44,12161
Rhys Hoskins,PHI,133,583,484,115,25,2,30,84,84,86,139,3,1,0.239,0.363,0.484,0.847,0.363,161.9,,3.62,0.34,1.05,16472
Pete Alonso,NYM,145,622,540,133,25,1,40,87,102,64,164,2,1,0.246,0.341,0.518,0.859,0.363,55.5,,2.19,-1.52,1.52,19251
Justin Turner,LAD,114,490,425,121,24,1,17,69,65,50,76,2,1,0.286,0.374,0.471,0.845,0.361,201.3,,3.98,-0.4,0.81,5235
Luke Voit,NYY,141,597,525,137,22,1,34,86,93,61,149,0,0,0.261,0.346,0.498,0.844,0.36,61.8,,2.84,-0.36,1.08,14811
Josh Donaldson,MIN,130,540,450,109,22,1,27,75,71,80,129,2,1,0.243,0.363,0.475,0.838,0.36,192.7,,3.54,-0.53,0.7,5038
Paul Goldschmidt,STL,151,639,548,147,27,2,28,86,81,84,144,3,1,0.269,0.369,0.476,0.845,0.36,92.2,,2.01,-0.47,0.62,9218
Michael Conforto,NYM,146,629,540,142,27,1,29,89,87,75,151,7,3,0.264,0.363,0.479,0.842,0.359,73.7,,2.15,0.13,0.54,16376
Trea Turner,WSN,147,657,595,173,34,7,23,103,79,53,114,33,8,0.291,0.353,0.487,0.84,0.359,7.2,,1.78,1.53,1.47,16252
Manny Machado,SDP,152,659,586,161,29,2,34,92,103,63,110,11,4,0.276,0.346,0.506,0.853,0.359,21.2,,2.22,0.16,0.58,11493
Giancarlo Stanton,NYY,122,521,447,113,21,1,31,74,83,63,155,3,1,0.253,0.35,0.509,0.859,0.358,114.3,,5.94,-0.42,0.77,4949
C.J. Cron,COL,125,514,461,121,25,1,29,67,81,40,129,1,1,0.262,0.333,0.511,0.844,0.357,202.8,,7.05,-1.67,0.81,12546
Max Muncy,LAD,136,575,478,112,20,1,30,87,83,87,145,3,1,0.235,0.359,0.469,0.827,0.357,99.6,,3.91,0.58,1.11,13301
Eugenio Suarez,CIN,151,639,553,136,24,2,38,87,101,73,175,3,1,0.246,0.34,0.502,0.842,0.356,67.7,,3.94,0.58,1.39,12552
Anthony Rizzo,CHC,149,639,543,143,27,2,27,85,85,72,95,6,3,0.264,0.366,0.468,0.834,0.355,106.2,,4.28,-0.27,0.47,3473
Alex Dickerson,SFG,122,462,414,114,25,3,19,65,64,39,89,1,1,0.274,0.345,0.491,0.836,0.355,359,,4.59,-0.17,0.6,12649
Charlie Blackmon,COL,135,590,532,153,29,5,22,82,74,45,107,4,3,0.289,0.35,0.485,0.834,0.355,87.6,,1.87,-0.56,0.86,7859
Rafael Devers,BOS,148,642,590,165,39,3,31,95,100,44,140,4,3,0.279,0.333,0.51,0.843,0.354,41.3,,3,0.66,0.9,17350
DJ LeMahieu,NYY,144,633,575,175,28,3,20,98,76,48,81,6,2,0.304,0.359,0.465,0.825,0.354,27.8,,3.21,0.02,1.35,9874
Brandon Nimmo,NYM,127,530,438,109,22,4,17,76,52,77,125,5,3,0.249,0.374,0.432,0.807,0.354,264.9,,3.76,0.05,0.47,12927
Gleyber Torres,NYY,145,600,529,141,26,1,29,80,83,60,121,6,2,0.266,0.344,0.486,0.83,0.354,64.6,,4.46,0.27,0.48,16997
Jeff McNeil,NYM,148,631,564,166,35,3,18,81,74,46,80,4,3,0.294,0.36,0.46,0.82,0.354,93.8,,2.69,0,1.1,15362
Kyle Schwarber,WSN,131,537,461,110,21,2,31,73,77,68,148,3,2,0.238,0.34,0.495,0.835,0.354,199.6,,1.9,1.07,0.97,16478
J.D. Martinez,BOS,143,619,547,148,32,2,29,81,90,62,145,2,1,0.27,0.347,0.496,0.843,0.353,92.7,,5.21,-0.27,0.79,6184
Will Smith,LAD,105,416,358,89,18,1,22,58,67,46,92,1,1,0.248,0.342,0.488,0.83,0.353,100.4,,5.69,0.27,0.46,19197
Matt Olson,OAK,147,616,534,127,24,1,37,79,96,72,171,1,1,0.238,0.336,0.497,0.833,0.353,91.3,,2.77,0.26,1.5,14344
Brandon Belt,SFG,133,540,459,118,27,2,20,68,67,74,117,2,1,0.256,0.362,0.454,0.816,0.352,473.5,,2.82,-1.39,0.26,10264
Jorge Soler,KCR,140,582,506,124,25,1,32,73,87,65,170,2,1,0.246,0.339,0.487,0.826,0.351,143.9,,3.1,-0.01,1.03,14221
Joey Gallo,TEX,146,598,504,108,23,2,39,84,90,84,215,5,2,0.214,0.333,0.495,0.829,0.351,151.5,,2.74,-0.98,1.86,14128
Jose Abreu,CHW,149,647,590,165,33,2,32,87,110,40,141,1,1,0.28,0.335,0.503,0.838,0.351,41.3,,2.68,0.68,1.24,15676
Randy Arozarena,TBR,146,572,507,136,26,3,24,82,75,46,139,20,7,0.268,0.345,0.474,0.819,0.351,58.9,,3.67,-0.6,0.69,19290
Josh Bell,WSN,140,591,513,134,26,2,28,79,89,67,130,1,1,0.26,0.346,0.484,0.83,0.35,146.4,,2.78,-0.7,0.86,13145
Franmil Reyes,CLE,147,597,532,138,24,1,34,77,90,56,168,0,0,0.26,0.33,0.499,0.829,0.35,157.6,,3.11,0.03,1.05,14566
Kris Bryant,CHC,142,621,536,139,29,3,25,91,74,66,148,2,2,0.26,0.356,0.464,0.82,0.35,123.2,,3.02,0.31,0.73,15429
Nick Castellanos,CIN,150,646,587,157,39,4,30,93,89,48,160,2,2,0.267,0.327,0.499,0.826,0.349,82.7,,2.59,-0.26,0.89,11737
Bo Bichette,TOR,143,622,575,164,38,4,23,91,83,40,126,21,8,0.286,0.335,0.487,0.822,0.349,24.5,,1.61,-0.48,0.72,19612
Ketel Marte,ARI,147,631,574,165,33,7,21,83,75,46,82,7,2,0.288,0.344,0.475,0.819,0.348,83,,4.09,0.67,0.8,13613
Brandon Lowe,TBR,138,573,507,129,26,3,28,79,84,55,162,6,2,0.254,0.333,0.482,0.815,0.347,71.5,,4.22,-0.02,0.56,18882
Mark Canha,OAK,143,582,490,121,25,3,21,78,72,70,131,6,1,0.247,0.356,0.441,0.797,0.346,265.3,,2.28,-1.02,0.44,11445
Yandy Diaz,TBR,106,446,385,105,18,1,12,56,44,56,74,1,1,0.274,0.368,0.422,0.79,0.346,534.9,,4.24,-0.52,0.82,16578
Matt Chapman,OAK,138,588,522,128,30,3,31,84,84,55,156,1,1,0.245,0.324,0.494,0.818,0.346,116.3,,1.97,0.58,1.06,16505
Dominic Smith,NYM,130,511,463,124,29,2,22,66,77,39,121,1,1,0.268,0.331,0.482,0.813,0.346,126.9,,2.62,0.27,0.62,15653
Tommy Pham,SDP,126,541,469,124,22,2,18,71,62,64,116,20,4,0.265,0.359,0.435,0.794,0.346,139.5,,2.41,-0.86,0.98,2967
Shohei Ohtani,LAA,112,438,390,102,21,2,19,59,61,43,117,13,4,0.261,0.338,0.471,0.808,0.346,175.9,,5.77,-0.54,0.64,19755
Mike Yastrzemski,SFG,144,607,535,137,30,5,25,86,76,62,154,6,3,0.256,0.339,0.469,0.807,0.346,139.8,,4.21,0.16,0.51,14854
Nate Lowe,TEX,110,444,388,100,19,1,19,57,59,51,122,3,1,0.258,0.346,0.456,0.802,0.345,423.7,,4.76,-0.07,0.36,19566
Michael Brantley,HOU,129,552,498,145,31,2,15,70,71,46,69,5,1,0.291,0.354,0.451,0.805,0.345,150.2,,3.74,-1.37,0.97,4106
Ozzie Albies,ATL,149,644,592,165,35,5,24,93,83,43,117,15,4,0.279,0.332,0.478,0.81,0.345,34.5,,2.65,-0.71,0.41,16556
Rowdy Tellez,TOR,115,453,405,105,21,0,24,60,68,38,100,1,1,0.258,0.326,0.488,0.815,0.345,305.4,,1.32,4.38,0.53,15679
Cavan Biggio,TOR,144,631,527,127,28,2,21,92,71,96,160,17,4,0.24,0.361,0.423,0.784,0.345,68.2,,3.97,0.22,1.08,19252
Alex Verdugo,BOS,145,596,539,155,36,2,16,83,62,47,99,9,2,0.288,0.348,0.453,0.801,0.344,129.2,,3.07,1.07,0.95,17027
Ke'Bryan Hayes,PIT,144,573,514,142,31,4,17,74,67,50,115,8,3,0.276,0.345,0.454,0.799,0.344,139.3,,3.66,-0.45,0.51,18577
Austin Meadows,TBR,136,578,515,133,28,4,25,78,76,53,144,11,4,0.259,0.332,0.476,0.808,0.343,86.7,,5.24,0.06,0.26,15672
Trent Grisham,SDP,146,627,536,134,25,5,23,90,72,78,146,18,4,0.249,0.349,0.445,0.794,0.343,70.5,,3.29,0.43,0.93,18564
Kyle Tucker,HOU,149,614,555,145,30,6,27,89,92,51,134,20,6,0.261,0.327,0.481,0.808,0.343,32,,2.46,0.31,0.73,18345
Alec Bohm,PHI,140,593,532,149,28,2,20,77,78,51,110,4,2,0.281,0.346,0.452,0.798,0.343,999,,3.13,-0.79,0.7,21618
Ian Happ,CHC,141,573,496,122,24,2,26,77,72,70,166,6,3,0.245,0.342,0.464,0.806,0.343,162.8,,2.03,1.11,0.58,17919
Clint Frazier,NYY,123,506,444,112,24,2,22,67,68,51,138,6,2,0.251,0.335,0.464,0.799,0.342,176.3,,4.74,-0.49,0.21,15983
Yasmani Grandal,CHW,127,516,431,100,19,1,23,67,68,77,133,2,1,0.232,0.35,0.438,0.788,0.342,131.6,,2.49,-0.21,0.65,11368
Nolan Arenado,STL,149,642,570,153,29,2,29,83,94,59,92,1,1,0.268,0.337,0.48,0.817,0.342,41.3,,2.71,-0.28,0.91,9777
Joey Votto,CIN,134,578,488,124,25,1,19,77,61,83,112,2,1,0.254,0.365,0.428,0.793,0.342,375.5,,5.79,-0.07,0.44,4314
Joc Pederson,CHC,132,495,434,103,21,2,26,69,67,49,112,3,1,0.238,0.327,0.477,0.804,0.342,259.7,,5.65,-1.3,0.66,11899
Mitch Garver,MIN,94,361,317,78,15,1,18,51,51,37,110,0,0,0.245,0.329,0.469,0.799,0.341,203.2,,4.97,0.3,0.42,15161
Mike Moustakas,CIN,146,605,539,136,27,1,33,74,94,54,114,3,1,0.253,0.326,0.492,0.818,0.341,120.7,,3.85,-0.91,1.04,4892
Trey Mancini,BAL,121,511,461,122,22,2,22,65,67,41,116,1,1,0.265,0.331,0.469,0.799,0.341,159.6,,3.09,1.12,0.49,15149
Daniel Vogelbach,MIL,67,265,223,50,9,0,12,32,35,40,65,0,0,0.227,0.347,0.435,0.783,0.341,598.2,,5.95,0.93,0.76,14130
J.T. Realmuto,PHI,128,528,476,127,25,2,23,74,75,39,117,8,2,0.267,0.331,0.473,0.803,0.34,47,,3.08,0.18,0.12,11739
Aaron Hicks,NYY,132,549,463,109,22,3,21,79,69,78,118,9,3,0.236,0.348,0.433,0.782,0.34,249.1,,2.48,-1.46,0.67,5297
Spencer Torkelson,DET,11,47,41,10,2,0,2,6,6,5,11,1,0,0.248,0.342,0.439,0.78,0.34,560.5,,2.38,-0.45,1.8,sa3014504
J.D. Davis,NYM,112,451,399,104,20,1,17,55,53,44,108,2,1,0.261,0.342,0.444,0.786,0.34,267,,2.86,0.69,0.47,16219
Jose Altuve,HOU,132,578,521,144,27,2,19,87,68,48,93,8,4,0.276,0.342,0.448,0.79,0.339,95.7,,6.27,-0.46,0.58,5417
Luis Arraez,MIN,112,459,417,129,25,2,4,57,44,37,41,3,2,0.311,0.366,0.408,0.774,0.339,476,,6.04,-1.14,1.78,18568
Francisco Lindor,NYM,150,667,599,160,33,2,28,93,81,55,103,18,6,0.268,0.334,0.469,0.803,0.339,18.3,,3.58,-1.19,0.47,12916
Max Kepler,MIN,138,585,512,125,29,2,26,86,74,63,102,6,2,0.243,0.331,0.463,0.794,0.339,190.8,,3.42,0.34,0.77,12144
Andrew McCutchen,PHI,130,573,496,125,23,2,22,83,67,68,121,8,3,0.252,0.347,0.441,0.788,0.339,207.6,,2.64,-0.88,0.44,9847
Miguel Sano,MIN,138,572,502,113,24,1,36,81,85,64,221,0,0,0.225,0.316,0.493,0.809,0.339,199.5,,5.46,-0.45,1.6,12164
Willson Contreras,CHC,122,487,424,107,21,2,19,65,64,46,120,2,2,0.252,0.342,0.443,0.784,0.338,123.6,,4.05,0.66,0.19,11609
Mitch Haniger,SEA,117,503,441,110,23,2,21,67,63,50,125,6,2,0.25,0.334,0.453,0.787,0.338,247,,2.58,-0.98,0.2,14274
Anthony Santander,BAL,138,590,546,143,33,2,29,74,85,35,109,2,2,0.261,0.311,0.49,0.801,0.338,167.6,,2.9,-1.05,0.72,14551
Yoan Moncada,CHW,145,626,555,143,28,5,23,82,76,62,185,7,3,0.257,0.335,0.45,0.786,0.338,87.8,,1.68,-1.33,0.34,17232
Austin Slater,SFG,77,290,251,65,11,2,8,37,29,32,75,12,2,0.257,0.352,0.418,0.769,0.337,528.3,,4.01,0.44,1.4,16153
Mike Brosseau,TBR,71,258,232,61,13,1,10,32,33,19,68,3,1,0.263,0.329,0.457,0.786,0.337,509.7,,8.28,0.18,1.1,19683
Eddie Rosario,CLE,138,574,535,144,27,2,29,80,91,33,90,5,2,0.27,0.311,0.491,0.802,0.337,107.5,,4.98,0.95,0.6,12155
Jared Walsh,LAA,120,485,435,110,22,2,23,64,71,39,125,0,0,0.254,0.319,0.475,0.795,0.337,231.2,,2.69,0.75,0.52,18607
Christian Walker,ARI,135,564,504,129,28,2,23,75,76,50,136,3,2,0.256,0.328,0.458,0.786,0.336,210,,3.48,0.43,0.41,13419
Teoscar Hernandez,TOR,137,567,513,125,24,2,31,78,82,47,175,11,3,0.245,0.312,0.483,0.794,0.336,85.3,,3.93,-0.15,0.81,13066
Tommy La Stella,SFG,122,472,421,117,22,2,11,60,53,43,42,2,1,0.277,0.35,0.423,0.773,0.336,378.4,,3.18,-0.55,0.82,12371
Marcus Semien,TOR,144,638,568,146,30,3,24,89,75,65,115,10,4,0.256,0.333,0.446,0.779,0.336,125.8,,2.87,0.79,0.49,12533
Lourdes Gurriel Jr.,TOR,143,594,550,149,29,1,27,76,84,32,133,7,3,0.271,0.316,0.476,0.792,0.336,88.8,,3.97,0.34,0.37,19238
Keston Hiura,MIL,143,612,551,139,27,2,29,79,84,42,186,11,5,0.252,0.32,0.468,0.788,0.336,71.6,,2.5,-1.23,0.58,20003
Wilmer Flores,SFG,90,355,327,90,18,1,14,42,47,21,49,1,0,0.276,0.324,0.465,0.79,0.336,454.6,,4.96,0.6,0.95,5827
Carlos Correa,HOU,144,599,530,139,27,1,24,74,85,58,135,2,1,0.262,0.337,0.454,0.791,0.335,122.1,,4.56,-0.71,0.64,14162
Alejandro Kirk,TOR,64,239,213,58,13,1,6,28,29,23,36,1,1,0.271,0.347,0.426,0.773,0.335,313.9,,4.21,-1.03,1.25,22581
Chris Taylor,LAD,130,527,465,118,27,4,17,69,65,52,143,8,3,0.255,0.335,0.443,0.779,0.335,235.2,,3.36,-0.04,0.2,13757
Carlos Santana,KCR,143,606,508,121,24,1,21,77,75,91,97,1,1,0.239,0.356,0.416,0.773,0.335,289.4,,2.17,-0.5,0.73,2396
Tim Anderson,CHW,146,628,593,171,31,3,22,95,69,26,140,17,6,0.288,0.322,0.462,0.784,0.335,44.6,,3.37,-0.41,0.89,15172
Wil Myers,SDP,136,551,493,123,26,3,25,72,75,52,160,11,4,0.249,0.324,0.461,0.785,0.334,135.6,,2.16,-0.43,0.48,10047
Gio Urshela,NYY,136,541,492,136,26,1,19,68,75,38,91,2,1,0.276,0.331,0.448,0.779,0.334,165.8,,2.77,-0.14,0.65,10681
Brad Miller,PHI,71,266,231,54,11,2,12,36,37,31,76,2,1,0.234,0.329,0.457,0.786,0.333,594.7,,4.07,-0.88,0.72,12775
Garrett Cooper,MIA,86,353,319,85,16,1,12,44,44,29,86,0,0,0.266,0.334,0.436,0.77,0.333,536.5,,5.49,0.43,0.79,15279
Brian Anderson,MIA,145,603,532,135,27,2,21,71,78,54,146,2,1,0.253,0.335,0.433,0.769,0.333,263,,2.93,0.31,0.47,18289
Yasiel Puig,,76,318,286,73,14,1,14,41,43,27,66,9,3,0.256,0.324,0.455,0.779,0.333,468.9,,5.44,1.14,0.94,14225
Pedro Florimon,SDP,5,21,19,5,1,0,1,3,3,2,5,0,0,0.266,0.329,0.443,0.771,0.333,999,,0,0,1.93,8385
Greg Bird,COL,32,130,114,27,6,0,6,16,18,14,34,0,0,0.235,0.325,0.451,0.776,0.332,600.3,,2.59,2.47,1.4,14131
AJ Pollock,LAD,118,491,447,116,23,2,23,66,69,32,106,6,3,0.259,0.314,0.471,0.785,0.332,195.9,,3.76,-0.1,0.21,9256
Ji-Man Choi,TBR,107,421,359,87,20,1,15,49,52,53,102,2,1,0.242,0.341,0.425,0.765,0.332,573.3,,4.03,-0.31,0.3,5452
Seth Beer,ARI,12,47,42,10,2,0,2,6,8,4,12,0,0,0.249,0.331,0.432,0.762,0.332,600.7,,10.09,1.88,1.77,sa3006658
Starling Marte,MIA,147,626,575,160,30,4,19,88,72,31,110,25,7,0.277,0.329,0.442,0.771,0.332,49.8,,2.99,-0.37,1.14,9241
Bobby Dalbec,BOS,120,492,434,100,19,1,26,61,68,49,173,2,1,0.231,0.318,0.456,0.774,0.331,288.4,,3.08,-1.88,0.78,19966
Travis d'Arnaud,ATL,109,436,394,104,19,1,18,53,69,35,101,1,1,0.264,0.328,0.453,0.781,0.331,140.2,,2.82,0.47,0.61,7739
Randal Grichuk,TOR,114,475,438,111,23,2,25,65,69,29,115,2,1,0.252,0.303,0.487,0.79,0.331,270,,5.56,0.08,0.48,10243
Bryan Reynolds,PIT,138,570,511,133,28,4,17,72,64,52,138,4,2,0.261,0.334,0.431,0.765,0.331,332.1,,3.28,-0.01,0.28,19326
Jordan Luplow,CLE,59,227,198,48,11,1,9,28,27,25,51,2,1,0.241,0.331,0.436,0.766,0.331,601,,2.88,0.29,1.06,16424
Ryan Mountcastle,BAL,132,549,508,140,26,2,21,62,74,31,124,2,1,0.277,0.32,0.458,0.777,0.331,154.9,,4.53,-0.76,0.7,18373
David Peralta,ARI,129,545,497,136,25,4,16,62,72,40,112,2,1,0.274,0.332,0.438,0.77,0.331,284.4,,2.02,0.5,0.66,2136
Jason Heyward,CHC,131,529,458,116,20,3,15,63,59,62,98,6,2,0.254,0.346,0.411,0.757,0.33,520.5,,2.49,0.91,0.2,4940
Gavin Lux,LAD,111,464,420,109,21,3,15,62,56,41,108,8,3,0.26,0.329,0.436,0.765,0.33,225.8,,5.01,-0.52,0.4,19955
Austin Riley,ATL,127,526,479,120,24,2,26,65,76,38,144,1,1,0.249,0.31,0.467,0.778,0.33,218.3,,4.55,-0.57,0.66,18360
Julio Rodriguez,STL,30,115,105,28,6,1,3,16,17,7,27,2,1,0.266,0.327,0.436,0.763,0.33,999,,1.77,-0.33,1.57,sa917669
Jesus Aguilar,MIA,126,499,435,109,20,0,20,60,69,51,109,0,0,0.251,0.332,0.436,0.767,0.33,420.5,,3.03,-0.28,0.43,11342
Yoshi Tsutsugo,TBR,88,346,299,69,14,1,15,45,45,42,92,0,0,0.232,0.329,0.434,0.763,0.33,554.9,,4.73,0.06,0.43,27459
Hunter Dozier,KCR,141,592,524,128,26,5,21,73,68,62,157,7,2,0.245,0.327,0.436,0.763,0.329,237.9,,3.18,1.33,0.43,15117
Kole Calhoun,ARI,116,492,427,100,20,2,23,68,64,54,117,3,1,0.234,0.326,0.447,0.773,0.329,355.9,,4.76,0.32,0.55,11200
Sean Murphy,OAK,102,379,334,80,17,1,16,49,45,40,93,1,1,0.239,0.327,0.433,0.76,0.329,183.6,,3.41,-0.16,0.37,19352
Colton Welker,COL,14,59,53,15,3,0,2,6,7,4,11,0,0,0.278,0.334,0.435,0.769,0.329,599.5,,5.29,3.91,1.84,sa917962
Ryan Braun,,47,185,169,44,9,1,8,23,27,12,38,2,1,0.258,0.315,0.462,0.777,0.329,600.5,,3.73,1.09,1.31,3410
Ramon Laureano,OAK,144,591,520,129,28,2,22,83,71,50,157,12,3,0.248,0.327,0.435,0.762,0.328,144.8,,3.3,1.76,0.6,17128
Jeimer Candelario,DET,132,543,479,119,26,3,18,65,64,55,132,3,1,0.247,0.332,0.426,0.757,0.328,283.8,,3.16,0.18,0.18,13621
Trevor Larnach,MIN,10,41,37,10,2,0,1,5,4,4,10,0,0,0.261,0.328,0.436,0.764,0.328,596,,5.7,1.86,1.87,sa3008376
Nolan Jones,CLE,8,37,32,8,2,0,1,5,4,5,12,0,0,0.242,0.34,0.411,0.751,0.328,584.2,,6.36,2.14,1.85,sa917941
DJ Stewart,BAL,92,366,312,72,15,1,15,45,44,43,96,3,2,0.229,0.331,0.424,0.755,0.328,576.6,,4.98,0.55,0.49,17766
Luis Robert,CHW,146,609,556,140,27,4,27,88,82,41,183,25,7,0.252,0.31,0.461,0.771,0.328,34.8,,2.58,-1.28,1.14,20043
Gary Sanchez,NYY,105,416,367,79,14,0,26,52,64,41,127,0,1,0.216,0.305,0.467,0.771,0.328,154.1,,3.24,-1.09,0.95,11442
Whit Merrifield,KCR,149,653,602,169,34,4,15,89,68,40,101,25,7,0.281,0.33,0.429,0.759,0.328,41.8,,1.33,0.75,1.35,11281
Nick Solak,TEX,130,542,484,129,22,2,16,67,61,47,113,12,3,0.266,0.336,0.416,0.753,0.327,179.1,,2.48,1.69,0.6,19294
Ty France,SEA,118,465,419,109,22,1,15,55,59,30,101,1,1,0.259,0.327,0.429,0.756,0.327,302.2,,2.87,0.72,0.41,17982
Alex Kirilloff,MIN,116,483,444,121,25,3,14,57,57,31,96,6,2,0.273,0.325,0.438,0.763,0.327,999,,3.91,0.06,0.67,sa917929
Austin Dean,STL,32,114,103,27,6,1,4,13,14,10,26,1,0,0.259,0.327,0.43,0.756,0.327,999,,5.01,1.86,1.6,18288
Renato Nunez,DET,104,432,390,96,18,1,20,52,60,33,112,1,0,0.246,0.312,0.451,0.764,0.327,492,,6.01,-1.25,0.45,14503
Byron Buxton,MIN,128,492,456,115,26,4,24,69,70,26,129,15,4,0.253,0.298,0.482,0.78,0.326,109.3,,3.85,-0.37,0.64,14161
Jorge Polanco,MIN,135,579,525,142,29,4,15,72,63,43,95,7,3,0.271,0.329,0.429,0.758,0.326,252.8,,2.53,0.7,0.51,13152
Ryan Zimmerman,WSN,43,171,154,39,8,0,6,19,24,14,35,0,0,0.256,0.322,0.437,0.758,0.326,600.2,,2.68,1.91,1.35,4220
Jake Cronenworth,SDP,122,496,444,119,26,4,9,62,52,44,85,10,3,0.268,0.339,0.407,0.746,0.326,214,,3.44,0.41,0.83,18036
Didi Gregorius,PHI,131,549,503,132,24,3,22,72,81,34,74,6,3,0.263,0.314,0.452,0.766,0.325,162,,1.78,-1.42,0.33,6012
Danny Jansen,TOR,101,382,329,77,15,1,15,45,47,40,76,1,1,0.235,0.328,0.419,0.748,0.325,323.1,,2.16,-1.52,0.39,16535
Dansby Swanson,ATL,146,629,562,144,31,3,23,91,77,56,153,12,4,0.256,0.327,0.441,0.768,0.325,108.8,,3.28,-0.4,0.56,18314
Robbie Grossman,DET,126,495,430,107,23,3,12,60,49,58,93,12,3,0.249,0.342,0.398,0.74,0.325,427.9,,2.33,-0.77,0.79,5254
Aristides Aquino,CIN,54,200,181,42,8,1,11,25,29,15,60,3,1,0.231,0.299,0.468,0.766,0.325,588.4,,4.63,1.22,1.1,15482
Shogo Akiyama,CIN,93,355,315,83,16,2,7,44,32,36,65,9,3,0.263,0.345,0.392,0.737,0.325,550.3,,4.71,-0.7,1.2,27461
Josh Naylor,CLE,126,475,432,115,23,2,13,57,54,38,74,3,1,0.266,0.329,0.421,0.75,0.325,492,,3.02,-0.35,0.54,18839
Colin Moran,PIT,134,529,478,124,25,1,19,60,69,42,123,0,1,0.259,0.322,0.433,0.755,0.325,531.5,,2.94,-0.48,0.45,16909
Ryan Jeffers,MIN,75,267,240,61,11,0,10,29,32,21,72,0,0,0.254,0.324,0.424,0.749,0.325,431.8,,3.08,-0.76,1.05,24618
Derek Dietrich,NYY,24,75,65,15,3,0,3,11,10,7,20,1,0,0.225,0.324,0.44,0.764,0.324,999,,6.96,-0.5,1.6,10542
Ryan McMahon,COL,128,504,451,109,22,2,20,60,67,47,156,3,2,0.243,0.318,0.437,0.754,0.324,239.3,,3.12,-0.87,0.37,15112
Jedd Gyorko,,65,229,202,49,8,0,10,27,29,23,57,1,0,0.241,0.322,0.432,0.754,0.324,599.3,,2.06,0.09,1.04,10816
Darin Ruf,SFG,38,144,127,31,6,0,5,17,19,14,33,1,1,0.245,0.328,0.418,0.746,0.324,600.3,,3.28,1.43,1.42,9929
Jean Segura,PHI,137,586,535,148,26,3,15,74,62,40,91,9,4,0.277,0.332,0.42,0.752,0.324,190,,2.29,1.37,0.69,5933
Kevin Padlo,TBR,10,37,32,7,2,0,2,5,5,4,11,1,0,0.218,0.314,0.436,0.75,0.323,999,,6.04,1.75,1.82,sa828961
Adam Eaton,CHW,118,507,444,114,21,3,12,67,47,46,90,10,3,0.257,0.338,0.398,0.736,0.323,416.1,,2.86,1.69,0.72,11205
Salvador Perez,KCR,122,498,468,122,24,1,25,58,79,18,106,2,1,0.26,0.296,0.477,0.773,0.323,84.3,,2.06,-0.71,0.7,7304
Taylor Ward,LAA,36,137,121,30,6,0,4,17,14,14,36,2,0,0.249,0.334,0.403,0.737,0.323,599.5,,6,0.68,1.52,17548
Ha-seong Kim,SDP,92,376,337,87,17,2,11,46,45,33,62,10,3,0.26,0.33,0.417,0.747,0.323,260.2,,6.36,0.6,0.92,sa3011918
Jarred Kelenic,SEA,106,445,402,101,20,3,16,54,52,37,107,12,4,0.25,0.317,0.435,0.752,0.323,197.3,,6.41,-0.13,0.77,sa3007741
Austin Nola,SDP,91,357,317,81,16,1,10,41,44,33,73,1,1,0.255,0.33,0.412,0.743,0.323,182.6,,3.29,0.19,0.68,15941
Andrew Benintendi,KCR,136,573,494,125,27,4,14,68,60,64,130,12,5,0.253,0.343,0.408,0.751,0.323,217.9,,4.62,-2.38,0.59,17901
Hunter Renfroe,BOS,115,446,401,91,20,1,25,57,64,37,125,4,1,0.227,0.296,0.47,0.766,0.323,451.5,,2.51,0.67,0.76,15464
Mike Ford,NYY,34,131,116,27,5,0,6,16,18,13,25,0,0,0.236,0.319,0.429,0.748,0.322,599.1,,4.99,1.87,1.38,15585
Cesar Hernandez,CLE,139,595,532,144,27,3,10,76,55,55,114,5,2,0.271,0.343,0.39,0.733,0.322,400.7,,2.42,-0.2,0.8,10556
Daulton Varsho,ARI,87,333,298,73,15,3,11,46,37,29,73,9,3,0.246,0.321,0.424,0.745,0.322,191.2,,6.35,-0.24,0.93,19918
Matt Carpenter,STL,89,359,303,68,16,1,12,47,42,48,96,2,1,0.223,0.338,0.403,0.741,0.322,585,,4.13,-0.53,0.35,8090
Jonathan Schoop,DET,125,508,472,121,22,2,22,62,64,24,116,1,1,0.257,0.303,0.453,0.756,0.322,382.9,,2.74,-0.9,0.41,11265
Paul DeJong,STL,145,610,540,132,28,1,23,78,78,53,152,4,2,0.245,0.319,0.43,0.749,0.322,237.9,,4.25,-0.47,0.64,18015
Eduardo Escobar,ARI,142,604,550,141,27,6,22,73,79,43,116,3,1,0.256,0.312,0.45,0.762,0.322,306.2,,2.19,-0.38,0.44,6153
Joshua Ockimey,BOS,12,46,39,8,2,0,2,5,5,6,15,0,0,0.203,0.314,0.427,0.741,0.322,999,,4.62,1.87,1.76,sa829375
Asdrubal Cabrera,ARI,90,372,332,84,17,2,12,43,50,34,73,1,0,0.252,0.321,0.428,0.749,0.322,536,,5.53,-0.12,0.55,4962
Willy Adames,TBR,133,537,482,121,24,2,18,64,59,48,159,5,3,0.251,0.322,0.421,0.743,0.321,437.3,,1.87,-0.48,0.13,15986
Jurickson Profar,SDP,114,458,406,101,21,2,15,56,55,40,68,10,2,0.248,0.325,0.416,0.741,0.321,301.4,,4.33,0.79,0.57,10815
Pavin Smith,ARI,52,212,186,49,9,2,5,25,24,21,32,2,1,0.263,0.334,0.407,0.741,0.321,596.5,,5.27,0.81,1.32,19892
Dylan Moore,SEA,130,503,446,106,22,2,18,65,52,44,133,22,9,0.237,0.321,0.417,0.738,0.321,126.4,,3.1,0.03,1.4,18042
Matt Joyce,PHI,34,124,106,25,5,0,4,15,13,16,30,0,0,0.233,0.338,0.389,0.727,0.321,600.1,,4.15,2.11,1.47,3353
Zack Collins,CHW,74,275,231,49,10,1,10,31,34,41,89,1,0,0.213,0.335,0.391,0.725,0.321,598.7,,3.56,0.65,0.71,19181
Kyle Seager,SEA,137,570,500,120,27,1,23,69,80,55,101,6,2,0.24,0.321,0.435,0.756,0.321,295.3,,1.92,0.74,0.67,9785
Tyler Stephenson,CIN,65,239,212,53,11,1,7,26,27,22,60,0,0,0.25,0.331,0.401,0.732,0.32,495,,2.75,-0.54,1.11,17988
Adam Duvall,MIA,118,464,419,95,19,2,26,57,66,35,124,1,1,0.227,0.295,0.464,0.759,0.32,368.9,,4.59,-0.43,0.83,10950
Luis Campusano,SDP,22,86,78,20,4,0,2,10,10,6,18,0,0,0.259,0.329,0.407,0.735,0.32,999,,4.12,2.42,1.7,22217
Wander Franco,TBR,74,313,284,77,14,2,8,38,35,24,37,7,3,0.27,0.328,0.416,0.744,0.32,999,,8.18,0.05,1.18,sa3007033
Kyle Lewis,SEA,144,610,538,130,23,1,23,76,73,64,184,8,2,0.242,0.323,0.416,0.739,0.32,145.9,,4.56,1.49,0.6,19508
Edwin Rios,LAD,68,233,213,50,11,1,12,30,36,16,74,0,0,0.235,0.296,0.458,0.754,0.32,482.8,,6.05,0.22,0.85,18316
Jay Bruce,NYY,34,135,123,28,6,1,8,16,20,11,32,1,0,0.227,0.292,0.465,0.757,0.32,596.2,,4.38,1.17,1.33,9892
Corey Dickerson,MIA,131,540,501,135,27,4,18,63,62,33,96,3,2,0.269,0.316,0.444,0.759,0.32,425.9,,2.58,-0.14,0.47,10762
Justin Upton,LAA,123,512,449,103,18,1,24,65,72,50,146,3,2,0.229,0.314,0.435,0.749,0.319,384.6,,3.39,-0.17,0.79,5222
Brett Gardner,NYY,78,306,266,63,12,2,10,41,33,35,64,5,2,0.236,0.329,0.406,0.735,0.319,570.4,,3.96,0.31,0.82,9927
Mitch Moreland,OAK,101,397,353,83,17,1,18,49,58,39,89,1,0,0.236,0.314,0.445,0.759,0.319,534.3,,4.84,0.32,0.44,3086
Eric Hosmer,SDP,143,614,560,147,25,1,22,75,88,45,131,7,2,0.262,0.318,0.431,0.749,0.319,157.8,,2.42,0.23,0.44,3516
Raimel Tapia,COL,137,545,505,143,28,6,8,69,52,32,111,18,5,0.283,0.329,0.411,0.74,0.319,234.3,,1.9,-0.09,1.44,14350
Yonathan Daza,COL,43,174,163,47,9,1,3,19,17,9,28,3,2,0.288,0.325,0.415,0.74,0.319,999,,4.43,1.92,1.71,15794
Brent Rooker,MIN,31,123,110,26,5,0,5,16,16,11,41,1,0,0.232,0.311,0.427,0.738,0.319,592.5,,4.61,1.21,1.43,19627
Carson Kelly,ARI,109,408,358,86,17,0,16,42,50,38,84,0,0,0.24,0.318,0.42,0.738,0.319,263.9,,2.28,0.87,0.48,13620
Wilson Ramos,DET,89,331,303,82,13,0,10,32,41,24,56,0,0,0.269,0.324,0.416,0.74,0.318,260.7,,5.22,0.76,1.08,1433
Miguel Cabrera,DET,119,495,441,114,18,1,16,52,62,47,103,1,0,0.26,0.332,0.409,0.741,0.318,542.3,,4.68,-0.52,0.49,1744
Avisail Garcia,MIL,107,449,407,105,19,1,15,51,53,32,108,5,3,0.258,0.322,0.422,0.744,0.318,366.5,,3.81,0.62,0.49,5760
Christian Vazquez,BOS,118,461,423,110,21,1,15,54,54,32,94,6,3,0.261,0.316,0.422,0.738,0.318,152.4,,3.91,0.48,0.5,9774
Dylan Carlson,STL,143,582,522,129,28,5,18,72,69,49,140,10,5,0.246,0.316,0.423,0.739,0.318,999,,2.88,1.44,0.49,20126
Ian Desmond,COL,55,206,187,45,10,2,8,28,26,16,50,4,2,0.241,0.304,0.441,0.745,0.318,599.7,,1.07,0.29,1.15,6885
Ryan McBroom,KCR,27,97,88,22,4,0,4,11,11,7,28,0,0,0.25,0.313,0.425,0.737,0.318,599.7,,5.79,0.74,1.62,16524
Nick Senzel,CIN,131,535,484,121,30,3,17,72,59,43,124,15,5,0.249,0.313,0.426,0.739,0.318,233.7,,4.47,0.07,0.77,19293
Nick Madrigal,CHW,127,515,477,141,24,2,4,59,48,29,33,16,7,0.296,0.343,0.381,0.724,0.318,191.9,,5.29,0.18,1.73,20521
Tomas Telis,MIN,18,68,63,17,3,0,2,7,8,4,12,0,0,0.275,0.326,0.401,0.728,0.318,999,,6.95,0.62,1.82,10067
Khris Davis,TEX,85,339,300,68,11,0,17,41,48,31,94,0,0,0.228,0.308,0.435,0.743,0.317,552.5,,4.08,0.62,0.53,9112
Logan Morrison,,27,101,89,20,4,0,5,12,14,10,25,0,0,0.227,0.311,0.443,0.754,0.317,999,,2.8,2.12,1.51,9205
Patrick Kivlehan,SDP,5,21,19,5,1,0,1,3,2,2,6,0,0,0.25,0.32,0.428,0.748,0.317,999,,0,0,1.92,13910
Javier Baez,CHC,150,628,589,153,31,4,27,82,87,29,180,11,5,0.259,0.298,0.464,0.762,0.317,72.6,,2.91,-1.01,0.42,12979
John Nogowski,STL,6,25,22,5,1,0,1,3,3,3,4,0,0,0.252,0.338,0.379,0.717,0.317,999,,3.01,3.47,1.92,16852
Starlin Castro,WSN,122,516,481,131,23,2,17,60,63,28,94,2,1,0.272,0.312,0.433,0.745,0.317,428.5,,3.29,0.51,0.6,4579
Tim Locastro,ARI,85,292,260,67,14,2,5,42,26,20,55,15,2,0.258,0.332,0.386,0.718,0.317,542.4,,5.05,-0.11,1.58,15124
Harrison Bader,STL,139,495,430,99,19,3,17,68,51,49,148,14,4,0.23,0.323,0.405,0.728,0.316,522.2,,5.2,-0.68,0.97,18030
Ryan O'Hearn,KCR,53,196,172,39,9,0,8,20,25,21,54,0,0,0.226,0.314,0.416,0.731,0.316,600.8,,2.81,3.28,1.12,16442
Jon Berti,MIA,105,425,369,92,16,2,8,55,37,45,101,24,5,0.25,0.341,0.368,0.709,0.316,297,,6.25,-0.44,1.84,12037
Maikel Franco,BAL,102,414,378,96,18,1,16,44,57,30,63,1,0,0.255,0.309,0.436,0.745,0.316,479.8,,4.33,0.45,0.59,12179
Jackie Bradley Jr.,MIL,129,525,461,109,22,2,18,65,58,51,135,10,4,0.235,0.322,0.409,0.732,0.316,404.3,,4.37,-0.2,0.65,12984
Omar Narvaez,MIL,93,343,300,73,11,0,10,35,36,37,80,0,0,0.243,0.333,0.386,0.719,0.316,355.2,,2.48,-0.29,0.74,13338
David Fletcher,LAA,138,604,550,155,30,3,6,77,51,45,65,8,3,0.283,0.338,0.38,0.718,0.316,236.6,,3.08,-0.55,1.27,17992
Lorenzo Cain,MIL,119,513,459,124,22,2,10,65,43,47,85,11,5,0.269,0.343,0.388,0.731,0.315,284.3,,2.91,-1.08,1.03,9077
Franchy Cordero,BOS,105,389,349,84,19,3,15,51,49,32,103,8,3,0.24,0.303,0.437,0.741,0.315,468.2,,3.18,-0.14,0.61,14567
Andy Young,ARI,26,96,86,20,4,1,3,11,11,7,26,1,0,0.233,0.311,0.414,0.725,0.315,999,,3.58,2.39,1.59,19521
Jonathan India,CIN,27,112,98,24,5,0,3,14,12,11,28,2,0,0.241,0.33,0.383,0.713,0.314,576.3,,6.5,0.39,1.59,sa3008178
Willi Castro,DET,127,523,478,128,22,5,13,63,59,30,125,6,3,0.267,0.316,0.415,0.73,0.314,244.4,,4.16,1.75,0.54,17338
Tommy Edman,STL,133,564,517,137,25,5,12,74,57,36,106,12,5,0.265,0.32,0.405,0.725,0.314,131.8,,2.7,-0.16,0.76,19470
Chance Sisco,BAL,72,260,225,49,10,0,9,29,27,27,82,0,0,0.22,0.324,0.386,0.711,0.314,556.3,,2.84,0.33,0.84,15694
Adam Frazier,PIT,128,521,472,123,26,3,11,62,49,39,75,4,3,0.262,0.325,0.398,0.724,0.314,531.4,,2.73,-0.24,0.55,15223
Yuli Gurriel,HOU,134,564,520,138,30,2,16,67,72,30,67,2,2,0.266,0.309,0.425,0.734,0.314,338.1,,3.84,0.02,0.47,19198
David Bote,CHC,91,334,292,68,13,1,11,39,45,35,90,4,1,0.232,0.321,0.4,0.721,0.314,557.4,,2.42,0.71,0.62,14593
Kolten Wong,MIL,139,564,492,129,23,4,10,67,53,49,87,15,5,0.262,0.342,0.384,0.726,0.314,250.7,,2,-0.14,1,12532
Kike Hernandez,BOS,118,436,393,95,21,2,16,55,55,34,89,3,1,0.242,0.307,0.43,0.738,0.314,436.3,,2.68,1.32,0.19,10472
Matt Beaty,LAD,40,150,138,35,8,0,4,18,19,9,27,1,1,0.254,0.312,0.413,0.726,0.314,601,,2.47,1.58,1.43,17710
Kurt Suzuki,LAA,68,263,235,60,12,0,8,29,36,18,37,1,0,0.254,0.319,0.413,0.732,0.314,484.3,,1.95,-0.38,1,8259
Christian Arroyo,BOS,46,181,166,42,9,1,6,21,22,12,40,1,0,0.254,0.313,0.422,0.735,0.314,600.9,,5.29,-0.05,1.34,16434
Miguel Andujar,NYY,50,193,180,47,11,1,6,23,25,10,32,1,0,0.262,0.302,0.433,0.736,0.314,568,,7.59,0.33,1.31,15878
Austin Listi,PHI,8,30,27,6,1,0,1,4,4,3,8,0,0,0.238,0.315,0.402,0.717,0.313,999,,6.43,1.32,1.87,sa3004170
Darick Hall,PHI,7,28,25,6,1,0,1,4,4,3,8,0,0,0.226,0.317,0.399,0.716,0.313,999,,8.33,1.49,1.85,sa918293
Austin Hays,BAL,118,487,451,116,20,2,18,63,53,27,102,8,4,0.257,0.304,0.426,0.73,0.313,254.2,,3.66,1.83,0.4,19363
Carter Kieboom,WSN,120,493,429,104,19,1,10,58,52,54,123,2,2,0.244,0.337,0.368,0.705,0.313,481.8,,3.58,-1.06,0.22,19958
Travis Shaw,MIL,75,288,251,57,11,0,12,31,35,33,77,1,1,0.227,0.32,0.411,0.732,0.313,562,,4.4,0.27,0.77,11982
Bobby Bradley,CLE,54,220,198,44,9,0,11,25,30,19,75,0,0,0.222,0.297,0.436,0.733,0.313,592.2,,6.46,0.54,0.95,17278
Willie Calhoun,TEX,120,490,446,110,21,2,19,53,62,34,78,1,1,0.248,0.304,0.428,0.732,0.313,441.6,,5.91,0.04,0.38,17838
Donovan Solano,SFG,128,512,478,135,27,2,8,54,56,25,95,1,1,0.283,0.323,0.397,0.72,0.313,548.8,,3.22,-1.77,1.12,8623
Max Moroff,STL,7,27,23,5,1,0,1,3,2,3,8,0,0,0.215,0.321,0.39,0.712,0.313,999,,1.94,2.48,1.88,14556
Harold Ramirez,CLE,22,88,82,22,4,0,2,10,10,4,17,1,0,0.267,0.313,0.41,0.724,0.313,999,,5.1,1.87,1.73,14387
Josh VanMeter,ARI,35,133,119,28,7,1,4,16,14,12,31,3,1,0.239,0.315,0.405,0.72,0.313,600.4,,4.36,1.36,1.53,15170
Mauricio Dubon,SFG,122,477,440,117,21,2,13,54,49,29,88,10,4,0.265,0.314,0.411,0.724,0.312,290,,2.63,0.74,0.81,16530
Mike Tauchman,NYY,45,154,135,32,7,1,4,21,17,16,32,5,1,0.24,0.326,0.388,0.713,0.312,580.5,,4.14,2.55,1.46,15274
Ben Gamel,CLE,44,158,140,35,8,1,3,20,15,15,42,1,1,0.249,0.327,0.388,0.715,0.312,999,,3.77,1.73,1.44,12160
Aledmys Diaz,HOU,86,321,294,75,16,1,11,40,41,20,51,1,1,0.254,0.306,0.428,0.734,0.312,597.6,,4.87,0.67,0.73,15937
Amed Rosario,CLE,114,449,423,116,21,4,10,55,48,20,89,9,5,0.274,0.31,0.417,0.726,0.312,397.7,,2.96,0.76,0.96,15518
Nick Markakis,,81,327,294,78,19,1,6,35,38,28,50,0,1,0.265,0.331,0.4,0.731,0.312,600.8,,2.43,-0.39,1.01,5930
Robel Garcia,HOU,6,24,21,5,1,0,1,3,3,2,8,0,0,0.225,0.292,0.44,0.733,0.312,999,,4.83,3.53,1.88,13167
Sam Hilliard,COL,107,420,384,89,16,4,18,51,47,33,140,11,3,0.231,0.296,0.432,0.728,0.312,335.5,,4.53,0.25,0.81,17954
Edwin Encarnacion,,87,372,325,69,12,0,19,48,53,39,96,0,0,0.213,0.306,0.425,0.73,0.311,592.5,,5.74,-0.04,0.58,2151
Isaac Paredes,DET,59,228,206,52,11,0,5,24,23,19,38,1,0,0.255,0.325,0.384,0.709,0.311,585,,5.84,0.68,1.27,20036
Jake Cave,MIN,76,281,255,62,12,2,9,35,33,19,89,1,1,0.242,0.305,0.416,0.721,0.311,599.6,,4.13,1.04,0.8,14477
Luis Urias,MIL,118,458,405,101,20,3,9,50,45,42,105,5,2,0.249,0.33,0.373,0.703,0.31,492.5,,4.12,-1.51,0.57,16622
Rafael Ortega,CHC,18,71,64,16,3,1,2,9,9,6,15,2,0,0.244,0.313,0.397,0.711,0.31,999,,7.94,0.62,1.73,10323
Victor Robles,WSN,146,590,527,131,26,4,15,75,59,36,144,21,7,0.248,0.315,0.398,0.713,0.31,136.5,,5.08,-0.48,1.19,18363
Yoenis Cespedes,,31,129,117,27,5,0,6,16,18,9,40,1,0,0.231,0.296,0.448,0.743,0.31,595.2,,2.59,-0.05,1.38,13110
Buster Posey,SFG,105,429,385,101,19,1,7,45,43,37,63,1,1,0.263,0.333,0.374,0.707,0.31,240.7,,1.86,-1.35,0.8,9166
Michael Chavis,BOS,68,272,248,58,11,1,11,32,35,19,84,3,1,0.235,0.297,0.425,0.722,0.309,525.6,,5.19,0.78,0.88,17321
Andrew Vaughn,CHW,103,439,388,93,18,1,12,50,53,42,88,1,1,0.24,0.322,0.384,0.706,0.309,229.8,,3.71,1.67,0.22,sa3011226
Adam Haseley,PHI,80,292,261,68,13,1,6,32,32,21,60,2,1,0.26,0.324,0.384,0.708,0.309,596.5,,3.63,1.13,1.09,19878
Yusniel Diaz,BAL,70,291,261,64,12,2,8,33,32,26,66,3,2,0.244,0.315,0.398,0.713,0.309,999,,4.37,-0.46,0.94,sa912848
J.P. Crawford,SEA,139,590,516,127,24,4,10,73,56,60,118,14,4,0.246,0.33,0.368,0.699,0.309,507.2,,2.4,0.83,0.93,15491
Willians Astudillo,MIN,31,109,103,28,5,0,3,13,14,3,7,0,0,0.275,0.302,0.421,0.724,0.309,592.5,,6.88,0.35,1.67,15608
Ronald Guzman,TEX,69,256,228,53,11,1,9,29,29,23,72,2,1,0.234,0.31,0.402,0.712,0.309,583.5,,4.32,0.52,0.93,14388
Chad Pinder,OAK,96,337,306,74,15,1,12,40,40,24,81,1,1,0.242,0.304,0.411,0.716,0.309,572.7,,2.56,-0.33,0.59,15191
Victor Caratini,SDP,84,290,257,63,13,1,7,29,33,26,64,0,0,0.246,0.324,0.383,0.707,0.309,527.9,,2.56,-0.37,0.94,14968
Matt Adams,,20,74,68,15,3,0,4,9,11,5,23,0,0,0.222,0.284,0.442,0.726,0.309,999,,3.3,2.02,1.61,9393
Leody Taveras,TEX,125,531,478,119,22,5,13,68,46,46,135,23,6,0.249,0.316,0.392,0.709,0.309,199.5,,5.38,0.62,1.53,18900
Jake Bauers,CLE,70,275,239,55,13,1,8,32,30,30,71,4,2,0.229,0.318,0.388,0.706,0.308,590.3,,3.75,1.12,0.93,15194
Wyatt Mathisen,ARI,13,51,45,10,2,0,2,6,6,5,15,0,0,0.221,0.312,0.39,0.703,0.308,999,,3.17,3.2,1.75,14555
Josh Reddick,,102,407,368,94,17,2,10,45,44,34,67,3,1,0.255,0.317,0.394,0.711,0.308,598.8,,4.25,0.35,0.65,3892
Evan Longoria,SFG,111,460,421,105,21,2,16,52,59,29,94,1,1,0.25,0.303,0.421,0.724,0.308,528,,4.22,-1.33,0.31,9368
Daniel Johnson Jr.,CLE,63,249,229,56,12,2,8,29,27,17,66,4,2,0.244,0.303,0.412,0.715,0.308,598.7,,4.81,0.07,1.12,19643
Andrelton Simmons,MIN,128,534,495,136,26,2,8,65,54,32,55,9,3,0.274,0.322,0.383,0.706,0.308,497.5,,2.44,-0.01,0.95,10847
Yan Gomes,WSN,96,379,343,84,16,1,13,41,45,27,87,2,1,0.244,0.306,0.409,0.716,0.308,307.6,,2.99,0.21,0.56,9627
Yadiel Hernandez,WSN,13,47,42,10,2,0,2,5,5,4,13,0,0,0.239,0.305,0.416,0.721,0.308,999,,6.09,1.88,1.81,19334
Travis Blankenhorn,MIN,12,47,44,10,2,0,2,5,5,3,11,1,0,0.237,0.292,0.427,0.719,0.308,598.5,,3.45,2.97,1.82,18395
Garrett Hampson,COL,107,420,381,96,16,4,10,51,36,31,112,17,4,0.253,0.311,0.399,0.711,0.308,255.9,,4.04,0.08,1.36,19262
Brendan Rodgers,COL,101,400,371,95,21,2,11,45,46,22,94,4,1,0.255,0.305,0.408,0.713,0.308,424,,6.79,-0.15,0.63,17907
Marwin Gonzalez,BOS,96,387,348,86,18,1,12,42,45,31,82,1,1,0.248,0.314,0.403,0.717,0.308,509.5,,2.75,-0.7,0.56,5497
Zach Green,MIL,10,38,34,7,2,0,2,4,5,3,13,0,0,0.216,0.295,0.416,0.711,0.307,999,,6.25,1.38,1.81,14973
Nicky Delmonico,CIN,7,26,23,5,1,0,1,3,3,3,5,0,0,0.227,0.314,0.386,0.7,0.307,999,,2.06,2.07,1.88,13157
Jose Martinez,NYM,12,47,42,11,2,0,1,5,5,4,11,0,0,0.252,0.32,0.39,0.71,0.307,600.5,,4.22,1.99,1.83,7996
Brandon Marsh,LAA,21,90,81,20,4,1,2,11,9,9,24,3,1,0.244,0.325,0.368,0.693,0.307,586,,2.74,0.85,1.72,sa917944
Matt Davidson,LAD,15,49,44,10,2,0,2,6,7,4,14,0,0,0.218,0.286,0.432,0.718,0.307,999,,9.55,1.39,1.73,7226
James McCann,NYM,116,456,415,100,17,1,17,53,54,30,128,3,1,0.242,0.302,0.408,0.71,0.307,180.5,,5.47,0.74,0.27,12859
Stephen Piscotty,OAK,128,520,471,114,24,1,18,58,65,38,127,6,1,0.242,0.305,0.409,0.714,0.307,537.4,,2.44,-0.52,0.36,13367
Ramon Urias,BAL,19,71,63,16,3,0,2,8,7,6,16,0,0,0.246,0.319,0.378,0.697,0.307,599.5,,3.49,3.78,1.75,18795
Luis Guillorme,NYM,55,184,161,41,8,0,2,19,18,20,36,3,1,0.253,0.337,0.348,0.685,0.306,599.9,,3.71,0.75,1.48,16451
Miguel Rojas,MIA,140,550,500,135,26,2,9,58,55,39,71,12,4,0.27,0.33,0.381,0.711,0.306,509.8,,2.9,0.45,0.97,7802
Derek Fisher,MIL,33,117,101,22,4,0,5,14,14,14,38,2,1,0.219,0.312,0.404,0.716,0.306,600.7,,7.31,1,1.5,16192
Jaylin Davis,SFG,10,41,37,9,2,0,1,5,5,3,13,0,0,0.237,0.307,0.398,0.705,0.306,999,,4.47,1.91,1.83,19552
Jose Iglesias,LAA,128,511,481,133,28,2,8,56,57,19,63,4,3,0.278,0.312,0.394,0.707,0.306,524.4,,4.01,-0.36,0.95,10231
Curt Casali,SFG,53,180,159,37,6,0,6,18,20,18,47,1,1,0.231,0.316,0.382,0.697,0.306,596,,2.34,0.4,1.28,12510
Nick Ahmed,ARI,148,596,541,135,28,4,16,69,70,46,119,8,3,0.249,0.31,0.403,0.713,0.306,489.6,,1.81,-1.15,0.36,12147
Andres Gimenez,CLE,135,502,459,118,23,5,10,64,49,27,106,25,8,0.256,0.312,0.392,0.704,0.306,158.1,,5.7,-0.49,1.61,19950
Billy McKinney,MIL,18,69,62,14,3,0,3,8,8,6,15,0,0,0.225,0.296,0.415,0.711,0.306,999,,4.53,2.13,1.68,15654
Jeter Downs,BOS,16,64,58,14,4,0,2,8,7,5,14,2,0,0.239,0.305,0.404,0.709,0.305,569.8,,6.49,3.65,1.78,sa3004615
Mark Payton,CIN,14,53,48,11,3,0,1,7,6,4,12,1,0,0.24,0.306,0.398,0.704,0.305,999,,3.51,2.08,1.79,16042
Matt Duffy,CHC,18,76,67,17,3,0,1,8,7,6,13,1,0,0.259,0.334,0.351,0.685,0.305,999,,3.47,3.06,1.79,13836
Josh Rojas,ARI,55,233,207,51,11,2,5,29,23,22,48,7,3,0.245,0.318,0.38,0.698,0.305,534.5,,5.98,0.35,1.32,19734
Pedro Severino,BAL,94,351,316,76,12,1,11,36,40,29,76,2,1,0.24,0.309,0.394,0.703,0.305,370.1,,3.17,0.03,0.69,14523
Travis Demeritte,ATL,15,45,40,9,2,0,1,6,5,5,16,0,0,0.221,0.312,0.382,0.694,0.305,999,,5.92,1.9,1.78,15958
Manuel Margot,TBR,116,442,401,101,21,3,9,54,43,34,81,22,7,0.252,0.313,0.388,0.702,0.305,258.7,,1.98,0.15,1.59,14712
Brian O'Grady,SDP,11,38,35,7,2,0,2,4,5,3,12,2,0,0.216,0.29,0.422,0.712,0.305,999,,5.36,2.23,1.88,16729
Andrew Stevenson,WSN,70,253,229,59,11,2,4,31,26,18,67,7,2,0.257,0.317,0.382,0.699,0.305,574,,4.24,0.55,1.31,17932
Kevin Plawecki,BOS,54,200,180,45,10,1,4,21,24,15,37,1,1,0.251,0.32,0.384,0.704,0.305,593.7,,2.11,0.55,1.29,13807
Phillip Evans,PIT,61,245,221,54,11,1,6,26,25,20,45,1,1,0.244,0.315,0.379,0.694,0.305,600.7,,3.25,0.24,1.11,12950
Alex Avila,WSN,63,216,180,37,7,0,7,22,22,32,76,0,0,0.205,0.332,0.36,0.693,0.305,598,,2.72,-0.06,1.01,7476
Rob Refsnyder,MIN,11,32,28,7,1,0,1,3,4,3,10,0,0,0.247,0.319,0.4,0.718,0.305,999,,1.5,0.7,1.88,13770
JaCoby Jones,DET,126,494,447,104,24,3,16,61,50,34,148,9,4,0.232,0.299,0.408,0.706,0.305,517.7,,3.55,-1.95,0.62,14818
Johan Camargo,ATL,67,246,226,56,12,1,7,29,29,17,55,1,0,0.248,0.304,0.407,0.711,0.305,597.8,,3.16,1.17,1.01,14950
Christin Stewart,DET,24,95,84,20,4,0,3,10,11,9,25,0,0,0.233,0.308,0.393,0.702,0.305,600.9,,4.01,2.33,1.6,17714
Stuart Fairchild,ARI,11,45,40,10,2,0,1,5,5,4,10,1,0,0.237,0.315,0.379,0.695,0.305,999,,2.7,2.06,1.85,sa829822
David Dahl,TEX,102,421,386,94,19,4,13,50,49,27,117,5,3,0.243,0.297,0.414,0.711,0.305,358.8,,3.76,1.22,0.42,13744
Brian Goodwin,PIT,62,239,213,49,12,1,8,27,27,21,70,5,1,0.231,0.305,0.405,0.71,0.305,599,,3.57,0.54,1.13,12858
Manny Pina,MIL,53,184,166,40,8,1,6,18,21,13,43,0,0,0.239,0.306,0.395,0.701,0.304,599.4,,2.37,-2.12,1.29,2829
Jason Kipnis,ATL,23,89,79,19,4,0,3,10,10,8,20,1,0,0.234,0.309,0.392,0.701,0.304,600.8,,5.04,1.87,1.64,9776
Todd Frazier,PIT,73,280,250,57,11,1,9,31,32,24,63,2,1,0.229,0.307,0.395,0.702,0.304,596.4,,2.48,-0.85,0.81,785
Joey Wendle,TBR,112,445,406,106,22,3,7,52,43,26,84,15,4,0.262,0.316,0.386,0.702,0.304,371.9,,4.47,0.29,1.23,13853
Danny Santana,BOS,26,108,99,23,6,1,4,15,13,7,33,4,1,0.237,0.292,0.426,0.719,0.304,592.3,,8.74,1.77,1.59,10322
Evan White,SEA,136,554,502,116,21,2,22,63,69,44,178,3,2,0.231,0.296,0.409,0.705,0.304,497.3,,4.94,-0.54,0.72,20078
Adley Rutschman,BAL,33,130,116,28,6,0,4,15,17,12,29,1,0,0.238,0.312,0.386,0.698,0.304,512,,5.9,1.14,1.43,sa3011643
Andrew Knizner,STL,58,208,188,49,9,0,5,22,24,13,41,1,1,0.259,0.311,0.391,0.702,0.304,570.1,,3.31,-0.03,1.33,19514
Tyler O'Neill,STL,119,441,399,89,17,1,19,56,57,35,135,6,2,0.222,0.291,0.417,0.707,0.303,448.2,,7.3,-0.95,0.65,15711
Josh Fuentes,COL,93,369,347,91,20,3,9,42,46,15,98,2,1,0.262,0.296,0.413,0.709,0.303,556.5,,7.05,-0.85,0.78,16885
Jake Fraley,SEA,47,192,175,42,10,2,5,22,22,13,53,7,2,0.238,0.301,0.4,0.701,0.303,600.4,,5.15,1.27,1.41,19260
Steven Souza Jr.,TEX,28,109,96,21,4,0,4,13,13,12,36,2,0,0.219,0.311,0.397,0.709,0.303,600.5,,5.83,2.28,1.53,5667
Abraham Toro,HOU,45,169,151,36,8,1,4,21,20,13,37,2,0,0.237,0.311,0.382,0.693,0.303,599.2,,5.45,1.1,1.27,19844
Victor Reyes,DET,117,464,436,119,20,5,8,58,40,22,95,16,5,0.272,0.31,0.391,0.7,0.303,283.2,,5.19,0.05,1.39,15487
Zach McKinstry,LAD,23,80,73,18,4,1,2,10,9,6,20,1,0,0.241,0.304,0.395,0.699,0.303,600.1,,2.16,2.44,1.69,19392
Nomar Mazara,DET,104,418,381,94,18,1,14,48,51,29,101,1,1,0.248,0.308,0.408,0.716,0.303,539.5,,2.77,-0.64,0.36,14553
Keibert Ruiz,LAD,9,34,32,8,1,0,1,4,4,2,5,0,0,0.261,0.31,0.389,0.698,0.303,596.7,,3.72,3.27,1.88,19610
Justin Williams,STL,21,80,73,18,3,0,2,9,9,6,21,1,0,0.243,0.308,0.387,0.695,0.303,999,,2.94,0.31,1.7,15490
Andrew Knapp,PHI,52,168,144,33,7,1,4,17,17,20,48,0,0,0.229,0.33,0.366,0.696,0.303,589.5,,1.84,0.34,1.31,14942
LaMonte Wade Jr.,SFG,15,57,49,11,2,0,1,7,5,7,10,1,0,0.233,0.334,0.338,0.671,0.303,999,,2.21,2.28,1.81,18126
Danny Mendick,CHW,55,209,188,46,8,1,5,23,19,17,44,3,2,0.244,0.313,0.377,0.69,0.303,601,,5.58,0.29,1.31,18889
Jake Lamb,ATL,51,201,174,38,8,1,7,23,25,22,53,1,1,0.219,0.315,0.392,0.706,0.302,595.3,,2.61,-0.59,1.04,13329
Dom Nunez,COL,51,203,179,39,8,1,8,22,22,20,57,2,1,0.217,0.299,0.403,0.702,0.302,590.9,,2.77,-0.55,1.13,15055
Pablo Reyes,MIL,16,57,52,12,3,0,2,7,7,5,13,1,0,0.235,0.304,0.388,0.693,0.302,999,,9.09,0.62,1.76,16357
Cameron Maybin,CHC,36,138,124,30,6,0,3,16,14,13,34,4,1,0.241,0.318,0.371,0.689,0.302,999,,3.59,1.34,1.56,5223
Kevin Pillar,NYM,95,393,367,93,21,2,11,49,45,17,68,8,3,0.253,0.295,0.41,0.705,0.302,522.5,,8.67,0.45,0.74,12434
Nico Hoerner,CHC,117,426,385,100,19,3,6,52,45,32,70,9,3,0.26,0.321,0.369,0.69,0.302,495.6,,5.49,-1.06,0.96,21479
Pablo Sandoval,ATL,14,51,46,11,2,0,2,6,7,4,11,0,0,0.246,0.305,0.393,0.697,0.302,599.5,,2.7,1.51,1.79,5409
Rylan Bannon,BAL,31,126,113,27,6,1,3,14,13,11,27,1,1,0.237,0.309,0.386,0.694,0.302,600.8,,3.55,3.07,1.51,sa3004162
Hanser Alberto,KCR,88,367,346,97,18,1,6,41,35,11,41,3,2,0.281,0.308,0.39,0.698,0.302,576.8,,8.81,0.72,1.26,11902
Elias Diaz,COL,91,326,300,78,15,0,7,32,35,22,58,0,0,0.26,0.312,0.379,0.691,0.302,403.1,,5.15,-0.73,1.02,11680
Matt Thaiss,LAA,11,44,40,9,2,0,1,5,5,4,11,0,0,0.229,0.304,0.387,0.691,0.302,999,,4.84,2.4,1.8,19318
Dexter Fowler,LAA,100,397,345,77,15,2,12,49,45,45,104,5,2,0.223,0.319,0.38,0.699,0.301,587.3,,2.42,2.42,0.47,4062
Gavin Sheets,CHW,8,37,33,8,1,0,1,4,4,3,8,0,0,0.239,0.303,0.391,0.694,0.301,999,,3.73,3.12,1.85,sa829797
Chas McCormick,HOU,42,174,154,36,6,1,4,20,19,17,30,4,1,0.237,0.319,0.365,0.683,0.301,600.3,,2.72,1.85,1.42,sa3004174
Rio Ruiz,BAL,129,503,454,106,22,1,16,54,60,43,110,2,1,0.234,0.303,0.393,0.696,0.301,568,,2.2,0.14,0.35,14103
Adalberto Mondesi,KCR,136,569,530,133,25,7,15,78,63,28,164,51,12,0.251,0.29,0.414,0.704,0.301,24.1,,3.56,0.2,3.17,13769
Drew Waters,ATL,14,60,55,14,4,0,1,7,6,4,18,2,0,0.251,0.301,0.395,0.695,0.3,594.2,,4.29,2.56,1.82,sa3004378
Cristian Pache,ATL,125,497,462,117,24,4,11,55,51,30,131,6,4,0.253,0.302,0.392,0.694,0.3,999,,5.64,0.15,0.47,19948
Tony Kemp,OAK,98,327,286,70,13,2,5,39,26,31,48,8,3,0.244,0.324,0.353,0.677,0.3,598.8,,3.94,-0.15,1.18,14894
Welington Castillo,WSN,17,66,61,14,3,0,3,7,9,4,19,0,0,0.232,0.286,0.413,0.699,0.3,999,,3.28,1.99,1.71,3256
Brandon Crawford,SFG,128,506,455,109,24,2,13,56,58,42,114,3,2,0.241,0.309,0.387,0.696,0.3,564.8,,2.24,-0.47,0.19,5343
Kevin Newman,PIT,105,434,399,107,20,2,5,45,38,26,56,7,4,0.268,0.317,0.368,0.685,0.3,538,,4.24,-0.82,1.13,17696
Oneil Cruz,PIT,11,45,41,10,2,0,1,5,5,4,11,1,0,0.248,0.309,0.377,0.686,0.299,999,,4.57,0.57,1.86,sa917318
Scott Kingery,PHI,98,391,357,84,19,2,13,46,40,26,108,7,2,0.234,0.292,0.403,0.695,0.299,406.9,,3.63,1,0.69,17975
Max Stassi,LAA,88,312,275,61,10,0,11,32,36,29,82,0,0,0.223,0.303,0.383,0.686,0.299,429.4,,2.16,0.49,0.66,10059
Lewin Diaz,MIA,18,68,63,15,3,0,3,7,8,4,16,0,0,0.233,0.284,0.416,0.701,0.299,999,,2.07,2.87,1.71,18365
Niko Goodrum,DET,105,436,390,89,20,3,12,49,46,40,138,13,4,0.228,0.301,0.389,0.689,0.299,516.3,,3.48,-0.72,1.03,12092
Edward Olivares,KCR,62,237,219,54,10,2,6,27,26,13,51,5,2,0.249,0.298,0.395,0.693,0.299,576.5,,6.04,1.47,1.26,19698
Lane Thomas,STL,50,175,158,36,7,1,5,20,19,15,50,3,2,0.228,0.301,0.384,0.685,0.299,594.8,,2.52,0.37,1.3,16939
Anderson Tejeda,TEX,36,137,128,31,6,1,4,15,15,8,46,5,1,0.24,0.287,0.411,0.698,0.299,593.9,,6.42,0.6,1.59,19909
Vidal Brujan,TBR,18,77,70,18,4,1,1,10,8,6,14,4,1,0.253,0.317,0.364,0.681,0.299,999,,4.65,4.53,1.85,sa872786
Isiah Kiner-Falefa,TEX,139,562,510,133,22,3,7,65,45,38,92,14,5,0.26,0.319,0.359,0.678,0.299,308.6,,3.45,-0.52,1.12,16512
Yairo Munoz,BOS,13,52,49,13,3,0,1,6,5,3,11,2,0,0.261,0.301,0.391,0.692,0.299,600.5,,4.81,2.83,1.87,16313
Rougned Odor,TEX,111,441,399,85,18,1,23,55,65,32,129,5,4,0.214,0.279,0.436,0.715,0.299,529.3,,4.13,1.11,0.93,12282
Jace Peterson,MIL,10,38,33,8,1,0,1,4,4,4,10,1,0,0.228,0.32,0.373,0.693,0.299,999,,4.16,1.43,1.87,12325
Daniel Robertson,MIL,44,158,137,32,6,1,3,16,14,17,39,1,1,0.232,0.329,0.35,0.679,0.299,999,,3.49,-0.54,1.41,14145
Austin Barnes,LAD,66,237,204,46,9,1,5,29,24,26,57,4,1,0.225,0.322,0.352,0.674,0.299,562.5,,1.54,0.67,1.08,12158
Jonathan Villar,NYM,93,379,340,82,14,1,9,46,34,33,101,21,6,0.242,0.312,0.37,0.682,0.299,206.7,,4.63,1.13,1.71,10071
Jed Lowrie,OAK,27,109,97,23,5,0,3,13,11,10,22,0,0,0.238,0.313,0.383,0.696,0.298,600.5,,2.67,0.71,1.56,4418
Deivy Grullon,CIN,9,36,32,7,1,0,1,4,4,3,11,0,0,0.225,0.292,0.394,0.687,0.298,598.5,,4.45,3.25,1.84,15988
Tyler Flowers,,43,161,140,30,6,0,5,18,17,16,55,0,0,0.215,0.313,0.361,0.674,0.298,600.5,,1.8,1.13,1.24,9134
Heliot Ramos,SFG,22,92,84,20,4,0,2,10,10,7,27,1,1,0.239,0.303,0.383,0.686,0.298,999,,3.69,1.98,1.66,sa3004693
Joe Panik,TOR,24,96,86,21,4,0,2,11,9,9,13,1,0,0.247,0.321,0.363,0.684,0.297,599.8,,2.76,2.46,1.66,11936
Chris Owings,COL,36,130,120,28,6,0,4,15,14,9,38,3,1,0.235,0.291,0.397,0.688,0.297,600.3,,2.81,3.96,1.54,10030
Odubel Herrera,PHI,56,231,211,50,10,1,7,26,27,16,52,3,1,0.239,0.299,0.39,0.689,0.297,546.6,,5.24,1.19,1.1,11476
Jonah Heim,TEX,48,179,163,40,8,0,4,18,20,14,29,0,0,0.245,0.309,0.369,0.678,0.297,583.9,,2.37,-0.36,1.33,16930
Tucker Barnhart,CIN,105,376,332,76,14,1,11,37,40,40,85,1,1,0.229,0.315,0.376,0.691,0.297,536.4,,2.09,-0.61,0.53,10200
Oscar Mercado,CLE,117,452,409,100,20,2,11,54,43,29,99,16,5,0.245,0.301,0.385,0.685,0.297,435.3,,3.83,-0.6,1.19,16375
Jason Castro,HOU,70,259,226,47,11,0,9,29,29,29,87,0,0,0.209,0.302,0.379,0.681,0.297,564.3,,3.81,-0.06,0.76,8722
Domingo Leyba,ARI,9,33,30,8,1,0,1,4,4,2,6,0,0,0.256,0.307,0.378,0.684,0.297,999,,7.88,0.48,1.89,16404
Jacob Stallings,PIT,101,372,333,82,17,0,8,36,39,29,87,0,1,0.246,0.31,0.372,0.682,0.297,484.6,,2.35,0.43,0.69,13723
Stephen Vogt,ARI,47,171,154,35,8,1,6,17,20,14,38,1,1,0.228,0.291,0.405,0.696,0.297,597.7,,1.61,-0.68,1.29,5000
Jarren Duran,BOS,43,182,168,44,9,2,2,23,15,11,44,9,2,0.26,0.31,0.37,0.68,0.297,563.9,,4.53,1.98,1.73,sa3006786
Jason Martin,TEX,8,27,25,6,1,0,1,3,3,2,7,0,0,0.233,0.291,0.396,0.687,0.296,999,,3.71,3.29,1.9,16429
Shed Long Jr.,SEA,69,279,252,58,12,1,7,31,27,24,75,7,2,0.232,0.302,0.375,0.677,0.296,597.9,,2.83,0.15,1.1,16542
Kyle Higashioka,NYY,54,196,183,41,8,0,10,22,29,10,51,0,0,0.222,0.266,0.435,0.701,0.296,555,,3.13,0.39,1.03,5517
Zack Cozart,,11,46,41,10,2,0,1,5,5,4,8,0,0,0.233,0.304,0.374,0.678,0.296,999,,1.85,2.75,1.81,2616
Leury Garcia,CHW,65,263,245,64,10,2,5,32,23,12,55,4,2,0.262,0.303,0.378,0.68,0.296,596.3,,6.42,0.7,1.29,5913
Breyvic Valera,TOR,8,34,30,8,1,0,1,4,3,3,5,0,0,0.253,0.314,0.361,0.675,0.296,999,,4.21,4.22,1.89,12758
Jake Marisnick,CHC,69,218,199,46,9,1,8,29,24,13,67,5,2,0.231,0.289,0.406,0.695,0.296,600.7,,2.86,0.19,1.11,11339
Jo Adell,LAA,79,322,296,68,15,1,10,37,33,22,105,3,1,0.231,0.291,0.391,0.682,0.296,432.1,,4.59,0.82,0.73,20220
Austin Allen,OAK,12,41,38,9,2,0,1,4,5,3,11,0,0,0.234,0.289,0.396,0.685,0.295,600.3,,4.58,2.17,1.83,18083
Ildemaro Vargas,CHC,30,108,101,26,5,1,2,11,10,5,14,1,0,0.261,0.302,0.379,0.681,0.295,999,,3.25,1.46,1.7,13324
Brock Holt,TEX,50,185,163,39,7,1,2,20,16,18,40,2,1,0.241,0.323,0.338,0.661,0.295,600.7,,3.23,0.78,1.37,9345
Jonathan Arauz,BOS,17,61,56,13,2,0,2,7,6,5,13,0,0,0.233,0.301,0.373,0.674,0.295,599.7,,6.1,1.18,1.75,20275
Mark Trumbo,,22,84,78,18,3,0,4,10,10,5,21,0,0,0.227,0.279,0.409,0.688,0.295,999,,6.78,1.26,1.61,6876
Tom Murphy,SEA,91,346,319,71,14,1,15,35,42,22,116,1,1,0.223,0.278,0.41,0.689,0.295,353,,1.82,1.25,0.65,13499
Matt Kemp,,45,176,160,38,7,0,7,20,23,13,50,1,0,0.238,0.296,0.406,0.701,0.295,999,,4.01,1.99,1.25,5631
Luis Garcia,WSN,94,378,358,96,17,2,6,43,37,16,70,5,2,0.268,0.301,0.379,0.68,0.295,589.2,,4.97,0.34,1.05,20391
Freddy Galvis,BAL,123,483,445,107,20,1,16,50,51,30,103,4,2,0.239,0.292,0.395,0.687,0.295,533.3,,3,-0.07,0.37,6609
Gregory Polanco,PIT,113,449,402,87,21,2,17,49,57,40,134,8,2,0.217,0.289,0.406,0.696,0.295,433.2,,5.36,-1.12,0.84,12907
Vimael Machin,OAK,38,144,128,31,6,0,2,16,13,14,24,1,0,0.241,0.321,0.341,0.662,0.295,999,,2.84,0.13,1.5,17684
Isan Diaz,MIA,83,338,301,66,13,2,9,37,36,33,95,3,2,0.221,0.303,0.369,0.671,0.295,596.5,,4.84,-0.73,0.64,17922
Dustin Fowler,PIT,47,196,183,45,9,1,5,23,21,11,49,4,1,0.245,0.29,0.395,0.685,0.295,600.2,,6.11,0.33,1.34,17098
Blaze Tom,OAK,30,124,111,25,5,1,3,14,13,11,33,2,1,0.224,0.299,0.377,0.677,0.294,999,,3.96,1.82,1.48,sa875069
Robinson Chirinos,NYY,22,82,71,15,3,0,3,9,10,8,24,0,0,0.209,0.303,0.364,0.667,0.294,999,,2.47,1.21,1.58,3142
Myles Straw,HOU,116,438,394,100,16,3,3,54,35,40,92,27,7,0.255,0.326,0.332,0.657,0.294,276.7,,4.2,0.06,2.15,17620
Elvis Andrus,OAK,134,563,520,131,26,3,11,63,54,35,85,17,6,0.251,0.301,0.376,0.677,0.294,369.5,,3.63,0.11,1.08,8709
Kevin Kiermaier,TBR,118,455,411,94,17,6,11,54,50,36,111,18,5,0.23,0.299,0.383,0.681,0.294,538.3,,2.79,0.28,1.3,11038
Tyrone Taylor,MIL,34,108,100,23,5,0,3,12,12,7,25,1,0,0.233,0.288,0.392,0.68,0.294,600.6,,4.52,1.58,1.56,13675
Jared Oliva,PIT,57,221,201,49,10,2,3,25,19,15,55,11,3,0.245,0.308,0.362,0.67,0.294,999,,9.26,0.43,1.63,19968
Kevan Smith,TBR,15,51,46,12,2,0,1,5,5,3,10,0,0,0.252,0.315,0.347,0.663,0.294,999,,2.08,1.79,1.84,12284
Patrick Wisdom,CHC,9,26,23,5,1,0,1,3,3,2,6,0,0,0.21,0.28,0.4,0.68,0.294,999,,8.25,1.39,1.87,13602
Pat Valaika,BAL,62,209,195,45,9,1,8,23,22,12,54,1,1,0.234,0.28,0.405,0.685,0.294,564.6,,5.18,1.68,1.14,14885
Josh Harrison,WSN,66,251,227,56,10,1,6,27,25,15,44,3,1,0.247,0.305,0.378,0.684,0.294,594.5,,3.05,-0.2,1.17,8202
Jonathan Davis,TOR,17,61,53,12,3,0,1,7,6,5,17,2,0,0.222,0.303,0.367,0.67,0.294,999,,3.41,2.52,1.77,15104
Troy Stokes,PIT,8,31,27,6,1,0,1,3,3,3,8,1,0,0.208,0.301,0.366,0.666,0.294,999,,4.97,2.32,1.87,sa828871
Luis Gonzalez,CHW,18,43,38,9,2,0,1,5,4,3,12,1,0,0.223,0.309,0.352,0.66,0.293,999,,3.19,1.85,1.82,20332
Alex Blandino,CIN,18,71,60,13,3,0,1,8,6,8,21,0,0,0.212,0.314,0.343,0.657,0.293,999,,1.99,1.22,1.69,16271
Tim Lopes,MIL,27,97,89,23,6,0,1,10,10,7,20,4,1,0.253,0.312,0.352,0.664,0.293,999,,5.73,2.08,1.78,14137
Greg Allen,NYY,13,36,32,8,1,0,1,5,3,2,9,2,1,0.236,0.302,0.369,0.67,0.293,999,,5.29,2.36,1.9,16623
Yadier Molina,STL,93,364,337,86,15,0,9,36,42,18,53,2,1,0.256,0.301,0.385,0.685,0.293,263.8,,1.44,-0.25,0.82,7007
Kyle Farmer,CIN,83,266,245,59,13,1,7,26,28,16,61,3,1,0.241,0.296,0.379,0.675,0.293,595,,5.9,-0.24,1.11,14813
Joey Bart,SFG,39,150,139,33,6,1,4,17,15,7,44,1,0,0.239,0.291,0.386,0.677,0.293,522.7,,2.84,0.55,1.4,21524
Luis Rengifo,LAA,23,86,76,17,4,0,2,10,7,9,19,2,1,0.229,0.31,0.352,0.662,0.293,600.9,,3.24,2.79,1.69,19858
Bret Boswell,COL,10,43,40,9,2,0,1,5,5,3,13,1,0,0.232,0.285,0.395,0.681,0.293,999,,3.68,3.49,1.83,sa918769
Sam Huff,TEX,21,77,72,17,3,0,3,9,9,4,28,0,0,0.231,0.279,0.401,0.68,0.293,999,,5.94,1.14,1.67,22209
Andrew Susac,PIT,11,28,23,4,1,0,0,2,2,5,5,0,0,0.183,0.338,0.282,0.62,0.293,999,,1.36,-0.23,1.87,13132
Francisco Mejia,TBR,67,236,218,51,11,1,7,26,25,13,51,1,0,0.236,0.29,0.397,0.687,0.293,491.9,,1.95,-0.27,1.04,16403
Abraham Almonte,ATL,20,54,48,10,2,0,1,7,5,6,14,2,1,0.215,0.299,0.365,0.664,0.293,999,,3.57,1.28,1.8,5486
Jose Marmolejos,SEA,59,226,209,48,10,0,8,24,27,15,60,0,0,0.231,0.286,0.393,0.678,0.292,596.3,,7.29,0.56,1.02,15767
Adam Engel,CHW,71,247,227,54,11,2,6,29,25,14,66,5,2,0.237,0.292,0.38,0.672,0.292,598,,2.82,-0.4,1.13,15082
Tyler Heineman,STL,17,63,57,13,2,0,2,6,6,4,10,1,0,0.234,0.294,0.377,0.671,0.292,999,,2.33,0.48,1.77,13897
John Hicks,TEX,7,24,23,5,1,0,1,2,3,1,8,0,0,0.225,0.269,0.417,0.686,0.292,999,,4.02,1.81,1.9,12547
Luis Torrens,SEA,82,303,275,68,15,1,6,28,31,24,61,0,0,0.247,0.311,0.371,0.682,0.292,550.6,,2.55,1,0.98,15905
Yasmany Tomas,WSN,6,23,21,5,1,0,1,3,3,1,7,0,0,0.227,0.273,0.408,0.68,0.292,999,,7.26,2.1,1.9,17171
Mickey Moniak,PHI,20,73,67,15,3,1,2,8,8,5,19,1,0,0.232,0.289,0.385,0.674,0.291,999,,2.97,3.89,1.71,19956
Cedric Mullins II,BAL,82,322,290,69,13,3,7,38,27,21,65,12,3,0.239,0.296,0.373,0.669,0.291,514.8,,4.68,0.21,1.3,17929
Logan Forsythe,,28,107,93,20,4,0,2,11,10,12,29,1,0,0.219,0.316,0.342,0.658,0.291,999,,0.87,0.93,1.55,7185
Josh Palacios,TOR,11,47,43,10,2,0,1,6,5,4,12,1,0,0.234,0.302,0.361,0.664,0.291,999,,2.99,2.46,1.83,sa829562
Alex Jackson,ATL,42,147,134,28,6,0,7,17,19,9,56,0,0,0.206,0.272,0.407,0.678,0.291,598.7,,3.28,1.32,1.22,17276
Jorge Alfaro,MIA,100,370,342,81,13,1,12,37,43,18,127,4,2,0.236,0.291,0.383,0.674,0.291,250.6,,4.2,0.22,0.69,12180
Eric Sogard,CHC,35,137,122,29,6,0,2,14,12,13,22,1,0,0.24,0.314,0.348,0.662,0.291,600.8,,2.66,1.2,1.54,7927
William Contreras,ATL,13,48,44,11,2,0,1,5,5,3,12,0,0,0.243,0.303,0.36,0.663,0.291,596,,1.95,2.9,1.82,20503
Yolmer Sanchez,BAL,113,401,360,88,18,3,6,43,34,33,85,4,2,0.245,0.314,0.361,0.675,0.29,598.3,,3.7,0.6,0.77,11602
Orlando Arcia,MIL,127,482,441,109,20,2,13,49,52,33,93,7,3,0.247,0.302,0.385,0.687,0.29,559.4,,3.17,0.63,0.51,13185
Sam Haggerty,SEA,13,52,46,10,2,0,1,6,4,5,16,3,1,0.222,0.308,0.343,0.652,0.29,600.9,,3.44,0.98,1.85,18054
Martin Maldonado,HOU,95,352,309,66,12,0,11,38,38,33,97,1,1,0.212,0.301,0.357,0.658,0.29,536.1,,1.93,0.7,0.48,6887
Bradley Zimmer,CLE,50,174,154,34,7,1,5,19,16,15,58,6,1,0.221,0.304,0.366,0.67,0.29,599.9,,4.33,0.53,1.46,16221
Donnie Walton,SEA,9,35,31,8,1,0,0,4,3,3,7,0,0,0.244,0.314,0.335,0.649,0.289,999,,3.12,1.38,1.89,19314
Tyler Naquin,CIN,44,172,161,39,10,1,4,20,22,9,45,1,1,0.244,0.287,0.386,0.673,0.289,600.4,,5.88,0.02,1.29,13359
Edmundo Sosa,STL,27,107,100,24,5,0,2,12,11,5,23,1,0,0.244,0.291,0.375,0.666,0.289,999,,3.7,1.99,1.61,17022
Ender Inciarte,ATL,75,285,254,62,11,2,4,34,25,25,49,9,3,0.242,0.312,0.35,0.662,0.289,597.9,,3.59,1.64,1.27,4922
Jazz Chisholm,MIA,86,329,294,61,10,3,11,38,36,30,105,9,3,0.209,0.288,0.373,0.661,0.289,999,,6.14,0.4,1.02,20454
Andy Ibanez,TEX,11,47,43,10,2,0,1,5,4,3,10,0,0,0.237,0.294,0.371,0.665,0.289,999,,0.6,0.24,1.83,sa914201
Franklin Barreto,LAA,32,112,104,23,5,0,4,14,12,7,40,3,1,0.221,0.28,0.385,0.665,0.288,600.8,,3.45,2.63,1.53,15519
Phil Gosselin,LAA,18,64,59,14,3,0,1,8,6,5,15,0,0,0.234,0.301,0.351,0.652,0.287,999,,2.89,2.29,1.73,10953
Jonathan Lucroy,CHW,19,72,65,15,3,0,2,7,8,6,12,0,0,0.236,0.3,0.358,0.658,0.287,600.8,,2.61,2.78,1.71,7870
Kyle Holder,CIN,30,124,113,27,6,0,3,13,11,9,22,1,0,0.238,0.295,0.364,0.659,0.287,599.9,,2.89,0.49,1.56,sa857840
Greg Garcia,DET,25,80,68,16,2,0,1,9,6,9,18,0,0,0.23,0.326,0.304,0.63,0.287,999,,1.93,0.02,1.71,10951
Tyler Wade,NYY,64,206,184,42,8,1,4,27,19,17,50,7,2,0.228,0.301,0.349,0.65,0.287,600.3,,4.32,0.32,1.34,15730
Caleb Raleigh,SEA,10,40,37,8,1,0,2,4,5,3,11,0,0,0.217,0.279,0.387,0.667,0.287,999,,4.95,3.93,1.81,sa3008377
Nicky Lopez,KCR,105,418,377,94,17,2,3,43,33,32,65,4,3,0.248,0.312,0.332,0.643,0.286,599.5,,6.33,-0.25,0.86,19339
Delino DeShields,TEX,54,202,177,42,7,1,2,22,14,19,49,8,3,0.234,0.312,0.33,0.642,0.286,600.4,,3.99,0.63,1.59,11379
Gerardo Parra,WSN,23,97,89,22,4,0,2,11,11,6,19,2,1,0.243,0.297,0.359,0.656,0.286,999,,6.15,2.87,1.64,8553
Sheldon Neuse,LAD,19,82,75,18,3,0,2,9,9,6,25,0,0,0.239,0.292,0.366,0.658,0.286,600.9,,5.11,4.23,1.68,19635
Bryan Holaday,ARI,8,26,24,6,1,0,0,2,2,2,5,0,0,0.242,0.304,0.346,0.65,0.286,999,,2.2,0.81,1.92,11287
Kelvin Gutierrez,KCR,10,40,36,9,2,0,1,4,4,3,12,1,0,0.239,0.303,0.344,0.646,0.286,999,,2.42,3.23,1.86,17468
Ehire Adrianza,ATL,19,64,57,14,3,0,1,7,6,6,13,0,0,0.24,0.311,0.334,0.646,0.286,600.3,,1.94,1.58,1.77,8418
Luis Alexander Basabe,SFG,10,26,23,5,1,0,0,3,2,3,8,3,0,0.214,0.309,0.325,0.634,0.285,999,,4.35,0.62,1.96,17839
Jake Rogers,DET,25,96,85,17,3,0,3,10,10,9,30,0,0,0.203,0.286,0.364,0.65,0.285,600.9,,3.57,1.95,1.52,19452
Anthony Alford,PIT,77,279,254,57,11,2,7,31,27,21,86,14,4,0.224,0.292,0.357,0.648,0.285,580.5,,2.32,0.09,1.5,14329
Michael A. Taylor,KCR,92,313,286,65,16,1,9,35,34,22,92,7,3,0.226,0.285,0.385,0.67,0.285,558,,3.45,-2.71,0.94,11489
Taylor Trammell,SEA,47,194,171,37,7,1,4,21,17,20,52,5,2,0.217,0.303,0.335,0.638,0.285,999,,3.83,-0.54,1.36,sa917943
Reese McGuire,TOR,41,144,130,29,6,0,4,15,14,10,30,1,0,0.225,0.286,0.365,0.652,0.284,601,,3.08,-0.08,1.41,15674
Omar Estevez,LAD,5,23,21,5,1,0,0,2,3,1,5,0,0,0.24,0.291,0.363,0.654,0.284,999,,2.94,3.49,1.91,sa914242
Daz Cameron,DET,45,181,164,36,8,2,3,19,16,14,52,4,2,0.222,0.293,0.352,0.645,0.284,600.7,,5.43,0.99,1.38,18353
Kyle Garlick,MIN,13,46,43,9,2,0,2,5,6,3,16,0,0,0.215,0.272,0.386,0.658,0.283,999,,2.58,2.74,1.77,18063
Neil Walker,,19,69,61,14,3,0,1,7,7,6,16,0,0,0.229,0.307,0.349,0.656,0.283,999,,2.26,1.54,1.71,7539
Yu-Cheng Chang,CLE,22,72,65,14,3,0,2,9,7,6,20,0,0,0.218,0.286,0.362,0.648,0.283,600.7,,3.55,1.43,1.66,14773
Sean Rodriguez,,11,39,34,7,1,0,1,4,4,4,14,0,0,0.204,0.295,0.365,0.659,0.283,999,,1.16,0.97,1.81,6589
Elehuris Montero,COL,7,28,26,6,1,0,1,3,3,2,9,0,0,0.225,0.274,0.38,0.655,0.283,599,,5.39,2.45,1.89,sa872477
Albert Pujols,LAA,76,323,298,69,12,0,11,33,44,20,48,1,0,0.23,0.28,0.388,0.668,0.283,578.5,,3.32,0.41,0.64,1177
Chad Tromp,SFG,7,27,24,6,1,0,1,3,3,2,6,0,0,0.24,0.292,0.358,0.65,0.283,600.5,,2.43,1.47,1.9,16953
Cole Tucker,PIT,75,283,257,60,13,2,5,32,25,21,66,5,2,0.233,0.293,0.353,0.646,0.283,599.7,,4.15,-0.37,1.04,17326
Sam Travis,SEA,8,29,26,6,1,0,0,3,3,2,7,0,0,0.241,0.3,0.337,0.637,0.282,999,,5.41,2.02,1.89,16263
Thairo Estrada,NYY,21,73,68,16,3,0,2,9,7,4,18,1,0,0.237,0.288,0.357,0.645,0.282,999,,2.21,2.44,1.73,16426
Charlie Culberson,TEX,42,110,102,23,4,0,3,12,12,6,33,1,1,0.227,0.278,0.375,0.653,0.282,999,,2.18,-1.25,1.54,3298
Jose Peraza,NYM,18,71,66,17,3,0,1,8,7,3,11,1,0,0.259,0.299,0.35,0.648,0.282,999,,4.98,2.14,1.8,13593
Ronald Torreyes,PHI,30,82,78,19,5,0,1,11,9,3,7,1,0,0.245,0.284,0.363,0.647,0.282,999,,2.59,0.62,1.68,11400
Seth Brown,OAK,54,169,155,34,8,1,5,20,20,12,53,1,0,0.221,0.28,0.368,0.648,0.282,601,,5.15,0.71,1.2,18171
Cam Gallagher,KCR,45,155,139,33,7,0,3,15,15,11,28,0,0,0.236,0.298,0.34,0.638,0.282,598.4,,2,0.78,1.42,12981
Jacob Nottingham,MIL,32,114,102,21,4,0,4,12,14,9,38,1,0,0.202,0.282,0.359,0.641,0.282,600.1,,1.41,2.61,1.43,16448
Luis Barrera,OAK,13,52,48,12,2,1,1,6,5,3,11,1,1,0.245,0.291,0.355,0.646,0.281,999,,3.44,1.74,1.85,sa736690
Nicholas Gordon,MIN,9,41,38,9,2,0,0,5,4,2,9,1,0,0.247,0.296,0.347,0.642,0.281,999,,5.1,2.56,1.87,sa828662
Roman Quinn,PHI,61,214,195,44,7,2,4,26,18,15,64,16,3,0.225,0.287,0.355,0.641,0.281,563.4,,3.78,0.23,1.84,13546
Rafael Marchan,PHI,14,54,50,12,2,0,1,6,5,4,10,0,0,0.24,0.303,0.325,0.629,0.281,999,,1.21,-0.33,1.8,21646
Justin Bour,SFG,30,106,94,19,4,0,4,11,13,11,30,0,0,0.197,0.282,0.381,0.663,0.281,999,,0,0,1.43,9744
Santiago Espinal,TOR,28,110,100,25,5,0,1,13,11,7,20,2,1,0.251,0.301,0.337,0.638,0.28,999,,5.17,0.95,1.65,19997
Steven Duggar,SFG,24,89,81,19,4,1,1,10,8,7,25,2,1,0.231,0.299,0.333,0.632,0.28,999,,2.41,2.18,1.69,17719
Jahmai Jones,BAL,34,132,120,28,5,1,2,14,12,10,30,2,1,0.23,0.294,0.341,0.635,0.28,600.5,,3.17,0.18,1.51,18872
Phillip Ervin,ATL,22,72,64,14,2,0,1,8,8,7,18,1,0,0.214,0.3,0.325,0.625,0.28,999,,4.15,1.46,1.68,14738
Tyler Nevin,BAL,6,23,20,4,1,0,0,3,3,2,4,0,0,0.22,0.3,0.327,0.627,0.28,999,,4.4,3.37,1.9,sa874752
Albert Almora Jr.,NYM,59,164,152,37,7,1,4,18,16,9,32,1,1,0.243,0.288,0.367,0.656,0.28,600.6,,2.52,-0.27,1.4,14109
Harold Castro,DET,29,109,103,27,4,1,1,11,10,5,23,1,0,0.259,0.292,0.348,0.64,0.279,599.3,,2.81,2.01,1.71,14691
Dustin Garneau,DET,12,45,40,8,2,0,1,5,4,4,13,0,0,0.2,0.278,0.359,0.637,0.279,999,,2.01,1.15,1.78,9433
Sherten Apostel,TEX,8,28,26,5,1,0,1,3,3,2,9,0,0,0.207,0.28,0.355,0.635,0.279,600.4,,3.88,2.14,1.86,21794
Micker Adolfo,CHW,9,38,34,7,1,0,1,4,4,3,14,0,0,0.205,0.274,0.366,0.64,0.279,999,,4.24,2.19,1.81,sa830303
Brett Phillips,TBR,26,90,78,15,3,1,3,11,9,10,31,5,1,0.197,0.291,0.357,0.648,0.279,600.9,,3.22,2.06,1.68,14735
Lucas Raley,LAD,6,28,25,6,1,0,1,4,4,2,8,0,0,0.233,0.296,0.334,0.63,0.279,999,,4.93,2.61,1.87,sa918048
Josh Phegley,,12,30,27,6,1,0,1,4,3,2,6,0,0,0.213,0.273,0.37,0.642,0.278,999,,4.25,0.62,1.85,9308
Jack Mayfield,LAA,17,51,47,10,3,0,1,6,5,3,13,0,0,0.222,0.271,0.376,0.647,0.278,999,,5.71,2.57,1.77,15402
Brandon Drury,NYM,11,44,40,9,2,0,1,4,4,3,11,0,0,0.23,0.285,0.362,0.647,0.278,999,,1.9,1.84,1.83,11615
Cesar Puello,BOS,7,26,23,5,1,0,0,3,3,2,7,0,0,0.217,0.309,0.303,0.611,0.278,999,,4.61,1.53,1.88,7216
Eric Haase,DET,8,26,24,5,1,0,1,3,3,2,9,0,0,0.198,0.26,0.39,0.65,0.278,999,,5.28,1.17,1.86,14111
Braden Bishop,SEA,18,66,59,13,3,0,1,7,6,5,17,1,0,0.221,0.292,0.332,0.625,0.277,999,,1.53,1.44,1.75,17806
Roberto Perez,CLE,97,362,315,64,11,1,10,33,36,35,113,0,0,0.202,0.288,0.338,0.626,0.277,528.4,,2.61,-0.6,0.6,2900
Jordy Mercer,WSN,16,59,55,13,3,0,1,6,6,4,11,0,0,0.244,0.295,0.355,0.65,0.277,999,,4.67,1.75,1.78,6547
Austin Romine,CHC,54,203,189,45,8,0,5,20,25,10,56,0,0,0.238,0.277,0.362,0.64,0.277,592.3,,2.24,0.13,1.18,5491
Michael Hermosillo,CHC,14,37,32,7,1,0,1,4,4,3,9,3,0,0.206,0.289,0.335,0.624,0.277,999,,3.63,1.9,1.89,16285
Max Schrock,CIN,15,52,48,11,2,0,1,6,5,4,10,1,0,0.238,0.296,0.329,0.625,0.277,999,,2.11,2.3,1.82,17750
Matt Wieters,,37,127,113,24,4,0,4,13,15,10,31,1,0,0.214,0.286,0.363,0.649,0.277,999,,1.65,1.67,1.42,4298
Jose Briceno,COL,6,23,22,5,1,0,1,2,3,1,6,0,0,0.221,0.266,0.376,0.642,0.277,999,,2.39,2,1.91,13151
Dee Gordon,CIN,45,175,163,43,6,2,1,19,13,7,27,8,2,0.261,0.299,0.329,0.628,0.276,568.7,,3.77,1.83,1.77,8203
Mike Freeman,CIN,22,76,67,15,3,0,1,8,7,6,21,1,0,0.229,0.299,0.334,0.633,0.276,999,,2.56,-0.78,1.71,11241
Magneuris Sierra,MIA,33,125,114,28,5,1,1,14,9,7,24,6,2,0.247,0.294,0.335,0.629,0.276,600.4,,4.82,0.72,1.8,17023
Scott Heineman,CIN,25,83,76,17,3,0,2,10,9,6,23,2,1,0.224,0.283,0.345,0.628,0.276,999,,4.66,1.21,1.68,14453
Kevin Kramer,PIT,12,46,41,9,2,0,1,5,5,4,14,0,1,0.226,0.287,0.344,0.631,0.276,999,,5.4,2.37,1.82,17689
Ronnie Dawson,HOU,12,55,49,10,2,0,2,6,6,4,18,2,0,0.204,0.275,0.358,0.633,0.276,999,,5.27,1.98,1.76,sa873674
Lewis Brinson,MIA,70,247,227,50,10,1,7,26,26,15,72,6,1,0.219,0.277,0.359,0.636,0.276,592.6,,3.66,0.57,1.14,14352
Michael Perez,PIT,49,166,149,32,7,0,3,15,19,14,44,0,0,0.218,0.288,0.337,0.625,0.276,600.9,,3.35,-0.38,1.27,12977
Connor Chatham,PHI,9,39,37,9,2,0,0,4,4,2,9,0,0,0.248,0.291,0.34,0.631,0.275,999,,3.23,1.58,1.88,sa873984
Eli White,TEX,38,146,132,30,6,1,2,15,12,11,42,3,1,0.224,0.288,0.337,0.625,0.275,999,,3.4,1.6,1.49,19346
Juan Lagares,LAA,25,84,76,18,4,0,1,10,8,6,20,1,0,0.231,0.291,0.338,0.629,0.275,999,,1.57,0.59,1.68,5384
Lucius Fox,KCR,8,32,29,7,1,0,0,4,3,3,7,1,1,0.233,0.304,0.311,0.614,0.275,999,,5.09,2.46,1.91,sa914200
Mike Zunino,TBR,91,323,293,55,12,0,14,33,39,23,121,0,0,0.188,0.26,0.375,0.635,0.275,561.6,,2.87,-0.38,0.78,13265
Meibrys Viloria,KCR,13,44,39,9,2,0,1,4,4,3,12,0,0,0.231,0.298,0.319,0.617,0.275,999,,2.11,1.04,1.84,17109
Garrett Stubbs,HOU,21,51,45,10,2,0,1,5,5,4,9,0,0,0.226,0.291,0.332,0.623,0.274,999,,2.6,1.67,1.8,18067
Erik Gonzalez,PIT,75,282,263,63,14,2,4,26,26,13,73,4,2,0.239,0.278,0.355,0.632,0.274,592.6,,3.25,1.08,1.14,13369
Hernan Perez,WSN,9,33,31,8,2,0,1,4,4,2,8,0,0,0.241,0.288,0.358,0.646,0.274,999,,3.99,3.46,1.88,5751
Austin Hedges,CLE,60,210,188,39,7,0,8,20,24,15,62,2,1,0.207,0.271,0.378,0.649,0.274,599.8,,2.71,-0.07,1.08,12976
Yermin Mercedes,CHW,8,21,20,4,1,0,1,3,3,2,4,0,0,0.219,0.277,0.352,0.629,0.274,599.7,,3.96,2.76,1.89,17423
Rene Rivera,,10,34,31,7,1,0,1,3,4,2,13,0,0,0.214,0.274,0.374,0.647,0.274,999,,2.38,1.6,1.84,3648
Adolis Garcia,TEX,14,33,32,7,2,0,1,4,4,1,12,0,0,0.214,0.253,0.386,0.639,0.273,999,,5.86,2.84,1.84,19287
Jeffrey Bleday,MIA,12,50,46,10,2,0,1,5,5,4,12,0,0,0.216,0.275,0.353,0.629,0.273,999,,2.34,1.95,1.78,sa3011642
Jose Trevino,TEX,88,332,310,74,16,0,7,33,34,14,62,1,0,0.238,0.272,0.362,0.634,0.273,544.6,,2.09,0.28,0.74,16725
Jorge Bonifacio,,13,46,42,9,2,0,1,5,6,3,13,0,0,0.221,0.283,0.336,0.619,0.273,999,,4.43,2.16,1.79,12174
DJ Peters,LAD,10,37,33,6,1,0,1,4,5,3,13,0,0,0.193,0.277,0.34,0.618,0.273,999,,4.02,2.73,1.79,sa829712
Jake Noll,WSN,13,48,45,11,2,0,1,5,5,2,11,0,0,0.236,0.277,0.349,0.626,0.272,999,,4.01,3.43,1.81,19703
Chris Herrmann,BOS,9,32,28,6,1,0,0,3,3,3,9,0,0,0.208,0.292,0.318,0.61,0.272,999,,2.52,1.27,1.85,9284
Beau Taylor,CLE,9,33,28,6,1,0,1,3,3,4,10,0,0,0.198,0.295,0.307,0.602,0.272,999,,1.66,1.22,1.84,12384
Dylan Cozens,MIL,11,43,38,7,1,0,2,6,5,4,14,1,0,0.175,0.266,0.353,0.619,0.272,999,,6.18,0.62,1.74,15115
Monte Harrison,MIA,21,70,64,13,3,0,2,8,6,6,28,5,0,0.205,0.275,0.343,0.618,0.272,599,,4.36,1.32,1.8,17216
Taylor Jones,HOU,10,36,32,7,1,0,1,4,4,3,10,0,0,0.206,0.288,0.321,0.609,0.272,999,,3.7,3.41,1.81,19533
Jose  Garcia,CIN,55,210,197,46,10,1,3,20,19,8,60,4,2,0.234,0.276,0.346,0.623,0.272,595.1,,2.84,-0.04,1.33,23378
Akil Baddoo,DET,21,86,77,15,3,1,2,10,8,7,24,2,1,0.201,0.275,0.344,0.619,0.271,999,,1.38,0.59,1.61,sa917953
Grayson Greiner,DET,47,176,159,33,6,1,5,17,18,13,54,0,0,0.208,0.272,0.347,0.62,0.271,599.2,,2.54,-1.28,1.18,17062
Andrew Romine,MIN,23,63,59,14,3,0,1,8,6,3,14,1,0,0.231,0.278,0.341,0.618,0.271,999,,2.58,0.18,1.75,1159
Josh Jung,TEX,17,72,66,15,3,0,1,7,7,5,15,1,0,0.224,0.285,0.332,0.617,0.271,999,,4.03,2.8,1.73,sa3011468
Sergio Alcantara,CHC,14,40,36,8,1,0,0,4,3,4,8,0,1,0.233,0.311,0.278,0.589,0.27,999,,1.71,2.07,1.86,16417
Aramis Garcia,OAK,46,171,158,33,7,0,5,17,18,11,62,0,0,0.209,0.267,0.353,0.62,0.27,600.3,,2.83,0.52,1.18,16925
Ali Sanchez,STL,9,28,25,6,1,0,0,3,3,2,6,0,0,0.236,0.305,0.289,0.594,0.27,999,,1.72,1.57,1.9,18551
Cheslor Cuthbert,CIN,13,27,25,5,1,0,1,2,2,2,5,0,0,0.212,0.271,0.344,0.615,0.27,999,,2.8,1.29,1.9,10473
Richie Martin,BAL,35,136,124,27,5,1,2,13,10,8,32,4,1,0.222,0.278,0.337,0.615,0.27,601,,2.6,2,1.6,17736
Tomas Nido,NYM,51,193,180,40,8,0,5,18,22,10,47,0,0,0.223,0.267,0.357,0.623,0.269,600.6,,2.47,0.12,1.18,13755
Mark Mathias,MIL,18,61,54,11,2,0,1,6,6,5,13,1,0,0.21,0.288,0.312,0.6,0.268,999,,3.16,1.66,1.74,18032
Chad Wallach,MIA,62,232,207,42,9,0,5,21,21,19,69,0,0,0.204,0.279,0.324,0.603,0.268,600.3,,2.38,-0.78,0.99,17161
Anthony Bemboom,LAA,17,58,51,10,2,0,2,6,6,5,14,0,0,0.204,0.274,0.336,0.61,0.267,999,,1.61,0.3,1.72,13854
Marco Hernandez,CHW,8,27,25,6,1,0,0,3,3,1,7,0,0,0.234,0.273,0.337,0.61,0.267,999,,1.43,0.41,1.9,13154
Tony Wolters,PIT,56,188,167,38,7,1,1,17,15,16,40,0,0,0.227,0.304,0.304,0.608,0.267,600.8,,2.6,0.74,1.31,11470
Jorge Mateo,SDP,22,77,71,16,3,1,1,9,8,4,23,3,1,0.22,0.267,0.348,0.614,0.267,600.5,,3.24,3.32,1.73,17273
Richard Urena,TOR,7,25,23,6,1,0,0,3,3,1,6,0,0,0.24,0.288,0.312,0.6,0.267,999,,4.15,1.15,1.91,16411
Jon Jay,LAA,14,56,50,12,2,0,0,6,4,3,11,0,0,0.249,0.306,0.307,0.612,0.266,999,,3.45,1.93,1.83,5227
Marcus Wilson,BOS,10,35,31,6,1,0,1,4,4,3,11,0,0,0.203,0.28,0.317,0.598,0.266,999,,4.71,1.76,1.82,sa828703
Jarrod Dyson,KCR,68,238,212,47,7,1,2,28,16,21,42,16,3,0.224,0.298,0.304,0.602,0.266,999,,1.81,-0.7,1.86,4866
Khalil Lee,NYM,6,23,20,4,1,0,0,3,2,3,7,1,0,0.205,0.299,0.28,0.579,0.265,601,,5.12,3.26,1.92,sa917996
Bubba Starling,KCR,7,23,22,5,1,0,0,2,2,1,7,0,0,0.225,0.275,0.328,0.604,0.265,999,,1.65,1.3,1.91,13356
Mallex Smith,NYM,15,54,48,11,2,1,0,6,4,4,13,3,1,0.217,0.288,0.299,0.588,0.264,599.8,,6.07,2.73,1.84,13608
Nick Heath,KCR,15,41,36,8,2,0,0,5,3,4,14,4,1,0.215,0.291,0.29,0.581,0.263,999,,2.94,2.42,1.93,19577
Tres Barrera,WSN,7,22,20,4,1,0,0,2,3,2,4,0,0,0.213,0.275,0.318,0.593,0.262,999,,3.42,1.95,1.89,19977
Jesus Sanchez,MIA,7,24,22,5,1,0,0,2,3,2,6,0,0,0.215,0.274,0.315,0.59,0.261,600.6,,3,2.45,1.89,19913
Jose Siri,HOU,7,27,25,5,1,0,1,3,3,2,9,1,0,0.209,0.262,0.337,0.599,0.261,999,,4.6,2.44,1.89,sa736940
Michael Reed,OAK,9,40,36,7,2,0,1,4,4,3,13,1,0,0.2,0.267,0.328,0.595,0.261,999,,1.63,0.25,1.83,sa738683
Seby Zavala,CHW,9,27,25,5,1,0,1,3,3,2,11,0,0,0.2,0.252,0.348,0.599,0.26,999,,3.35,2.9,1.85,18887
Wilmer Difo,PIT,18,45,41,9,1,0,0,5,3,4,10,1,1,0.23,0.288,0.316,0.604,0.259,999,,2.68,1.06,1.84,14320
Drew Butera,TEX,21,63,56,12,2,0,1,6,5,5,17,0,0,0.207,0.268,0.321,0.589,0.258,999,,1.29,1.44,1.72,3411
Jason Vosler,SFG,12,43,38,8,1,0,1,4,5,4,12,0,0,0.196,0.275,0.302,0.577,0.258,999,,4.04,3.11,1.77,sa829190
Keon Broxton,MIN,8,30,27,5,1,0,1,4,3,3,13,1,0,0.19,0.266,0.316,0.582,0.258,999,,2.91,2,1.87,9253
Estevan Florial,NYY,7,26,24,5,1,0,1,3,3,2,10,0,0,0.199,0.272,0.304,0.576,0.257,999,,2.81,1.14,1.87,19151
Tzu-Wei Lin,MIN,24,69,63,13,3,0,1,7,6,4,18,1,0,0.214,0.267,0.316,0.583,0.257,999,,1.65,-0.44,1.72,14678
Sandy Leon,MIA,18,63,56,11,2,0,1,5,5,5,16,0,0,0.197,0.272,0.303,0.575,0.255,999,,2.07,-0.71,1.72,5273
Billy Hamilton,CHW,16,51,45,10,2,0,0,6,3,4,12,5,1,0.221,0.285,0.28,0.565,0.255,600.5,,4.1,3.29,1.96,10199
Will Craig,PIT,10,30,28,6,1,0,1,3,4,2,9,0,0,0.201,0.259,0.314,0.574,0.253,999,,3.54,3.42,1.84,19267
Guillermo Heredia,ATL,18,56,50,11,2,0,1,7,6,4,14,1,0,0.21,0.278,0.305,0.583,0.253,999,,3.46,1.46,1.74,18721
Chris Davis,BAL,37,143,128,23,4,0,5,13,14,13,52,0,0,0.18,0.265,0.32,0.585,0.252,600.4,,1.3,-0.54,1.26,9272
Alfredo Rodriguez,CIN,7,26,24,6,1,0,0,3,2,1,5,1,0,0.228,0.272,0.292,0.564,0.251,999,,3.54,0.79,1.92,sa922180
Gregory Deichmann,OAK,5,21,19,4,1,0,0,2,2,2,7,0,0,0.195,0.263,0.298,0.561,0.25,999,,3.99,2.07,1.91,sa3004977
J.T. Riddle,MIN,32,107,101,21,5,0,3,15,13,5,22,1,0,0.208,0.249,0.348,0.597,0.249,999,,3.32,0.17,1.43,17642
Luke Maile,MIL,11,41,37,8,2,0,1,4,4,3,11,0,0,0.201,0.264,0.291,0.555,0.248,999,,1.96,-0.33,1.81,13355
Travis Jankowski,PHI,13,39,35,7,1,0,0,5,3,4,11,2,0,0.203,0.287,0.245,0.532,0.247,999,,2.63,1.35,1.88,13768
Kevin Smith,TOR,7,25,23,5,1,0,1,3,3,1,8,0,0,0.2,0.244,0.324,0.568,0.246,999,,5.94,2.5,1.86,sa915864
Alexander De Goti,HOU,6,22,20,4,1,0,0,3,3,1,5,0,0,0.208,0.26,0.296,0.556,0.246,999,,6.09,1.52,1.89,sa919320
Rodolfo Castro,PIT,12,47,44,9,2,0,1,4,4,2,13,1,0,0.203,0.256,0.293,0.549,0.244,999,,2.67,2.57,1.8,sa917362
Andrew Velazquez,NYY,12,35,31,6,1,0,0,4,3,2,11,1,0,0.201,0.262,0.283,0.545,0.244,999,,3.37,2.03,1.85,14196
Jeff Mathis,PHI,15,51,47,9,2,0,1,5,5,3,17,0,0,0.195,0.25,0.309,0.559,0.243,999,,1.74,0.61,1.76,3448
Joe Hudson,PIT,10,28,25,5,1,0,0,2,2,2,9,0,0,0.187,0.254,0.283,0.537,0.241,999,,1.7,0.18,1.86,14412
Ryan Goins,ATL,26,34,30,5,1,0,1,4,4,4,5,0,0,0.15,0.25,0.27,0.52,0.237,999,,0,0,1.76,9807
Joseph Odom,TBR,12,38,35,6,1,0,1,4,4,3,13,0,0,0.184,0.246,0.283,0.53,0.236,999,,0.87,1.09,1.79,15535
